<?xml version="1.0" encoding="utf-8"?>
<gpx xmlns="http://www.topografix.com/GPX/1/1" version="1.1" creator="https://mapy.com/">
	<trk>
		<name>Nekla MTB 2023</name>
		<trkseg>
			<trkpt lat="52.402080" lon="17.374140">
				<ele>115.000000</ele>
			</trkpt>
			<trkpt lat="52.402080" lon="17.374140">
				<ele>115.000000</ele>
			</trkpt>
			<trkpt lat="52.402070" lon="17.374240">
				<ele>115.000000</ele>
			</trkpt>
			<trkpt lat="52.402060" lon="17.374270">
				<ele>115.000000</ele>
			</trkpt>
			<trkpt lat="52.402040" lon="17.374300">
				<ele>115.000000</ele>
			</trkpt>
			<trkpt lat="52.402020" lon="17.374329">
				<ele>114.000000</ele>
			</trkpt>
			<trkpt lat="52.402000" lon="17.374360">
				<ele>114.000000</ele>
			</trkpt>
			<trkpt lat="52.401990" lon="17.374390">
				<ele>114.000000</ele>
			</trkpt>
			<trkpt lat="52.401960" lon="17.374421">
				<ele>113.000000</ele>
			</trkpt>
			<trkpt lat="52.401940" lon="17.374460">
				<ele>113.000000</ele>
			</trkpt>
			<trkpt lat="52.401910" lon="17.374510">
				<ele>113.000000</ele>
			</trkpt>
			<trkpt lat="52.401870" lon="17.374560">
				<ele>113.000000</ele>
			</trkpt>
			<trkpt lat="52.401840" lon="17.374600">
				<ele>113.000000</ele>
			</trkpt>
			<trkpt lat="52.401800" lon="17.374650">
				<ele>113.000000</ele>
			</trkpt>
			<trkpt lat="52.401770" lon="17.374700">
				<ele>112.000000</ele>
			</trkpt>
			<trkpt lat="52.401740" lon="17.374760">
				<ele>111.000000</ele>
			</trkpt>
			<trkpt lat="52.401710" lon="17.374800">
				<ele>111.000000</ele>
			</trkpt>
			<trkpt lat="52.401690" lon="17.374860">
				<ele>110.000000</ele>
			</trkpt>
			<trkpt lat="52.401660" lon="17.374920">
				<ele>110.000000</ele>
			</trkpt>
			<trkpt lat="52.401630" lon="17.374970">
				<ele>110.000000</ele>
			</trkpt>
			<trkpt lat="52.401600" lon="17.375029">
				<ele>111.000000</ele>
			</trkpt>
			<trkpt lat="52.401570" lon="17.375090">
				<ele>112.000000</ele>
			</trkpt>
			<trkpt lat="52.401530" lon="17.375150">
				<ele>112.000000</ele>
			</trkpt>
			<trkpt lat="52.401490" lon="17.375220">
				<ele>113.000000</ele>
			</trkpt>
			<trkpt lat="52.401450" lon="17.375280">
				<ele>113.000000</ele>
			</trkpt>
			<trkpt lat="52.401410" lon="17.375341">
				<ele>113.000000</ele>
			</trkpt>
			<trkpt lat="52.401380" lon="17.375390">
				<ele>113.000000</ele>
			</trkpt>
			<trkpt lat="52.401350" lon="17.375430">
				<ele>113.000000</ele>
			</trkpt>
			<trkpt lat="52.401320" lon="17.375480">
				<ele>114.000000</ele>
			</trkpt>
			<trkpt lat="52.401300" lon="17.375530">
				<ele>114.000000</ele>
			</trkpt>
			<trkpt lat="52.401270" lon="17.375570">
				<ele>114.000000</ele>
			</trkpt>
			<trkpt lat="52.401240" lon="17.375599">
				<ele>115.000000</ele>
			</trkpt>
			<trkpt lat="52.401210" lon="17.375630">
				<ele>115.000000</ele>
			</trkpt>
			<trkpt lat="52.401190" lon="17.375671">
				<ele>115.000000</ele>
			</trkpt>
			<trkpt lat="52.401160" lon="17.375700">
				<ele>115.000000</ele>
			</trkpt>
			<trkpt lat="52.401140" lon="17.375730">
				<ele>115.000000</ele>
			</trkpt>
			<trkpt lat="52.401120" lon="17.375770">
				<ele>114.000000</ele>
			</trkpt>
			<trkpt lat="52.401100" lon="17.375810">
				<ele>114.000000</ele>
			</trkpt>
			<trkpt lat="52.401080" lon="17.375850">
				<ele>114.000000</ele>
			</trkpt>
			<trkpt lat="52.401070" lon="17.375880">
				<ele>114.000000</ele>
			</trkpt>
			<trkpt lat="52.401060" lon="17.375920">
				<ele>114.000000</ele>
			</trkpt>
			<trkpt lat="52.401050" lon="17.375949">
				<ele>114.000000</ele>
			</trkpt>
			<trkpt lat="52.401030" lon="17.375980">
				<ele>114.000000</ele>
			</trkpt>
			<trkpt lat="52.401010" lon="17.376010">
				<ele>114.000000</ele>
			</trkpt>
			<trkpt lat="52.400990" lon="17.376030">
				<ele>114.000000</ele>
			</trkpt>
			<trkpt lat="52.400970" lon="17.376059">
				<ele>114.000000</ele>
			</trkpt>
			<trkpt lat="52.400950" lon="17.376090">
				<ele>114.000000</ele>
			</trkpt>
			<trkpt lat="52.400920" lon="17.376131">
				<ele>114.000000</ele>
			</trkpt>
			<trkpt lat="52.400890" lon="17.376169">
				<ele>114.000000</ele>
			</trkpt>
			<trkpt lat="52.400860" lon="17.376200">
				<ele>113.000000</ele>
			</trkpt>
			<trkpt lat="52.400830" lon="17.376240">
				<ele>113.000000</ele>
			</trkpt>
			<trkpt lat="52.400800" lon="17.376279">
				<ele>113.000000</ele>
			</trkpt>
			<trkpt lat="52.400770" lon="17.376330">
				<ele>113.000000</ele>
			</trkpt>
			<trkpt lat="52.400740" lon="17.376389">
				<ele>113.000000</ele>
			</trkpt>
			<trkpt lat="52.400710" lon="17.376450">
				<ele>112.000000</ele>
			</trkpt>
			<trkpt lat="52.400660" lon="17.376510">
				<ele>112.000000</ele>
			</trkpt>
			<trkpt lat="52.400620" lon="17.376560">
				<ele>112.000000</ele>
			</trkpt>
			<trkpt lat="52.400590" lon="17.376620">
				<ele>111.000000</ele>
			</trkpt>
			<trkpt lat="52.400550" lon="17.376690">
				<ele>110.000000</ele>
			</trkpt>
			<trkpt lat="52.400510" lon="17.376750">
				<ele>111.000000</ele>
			</trkpt>
			<trkpt lat="52.400470" lon="17.376820">
				<ele>111.000000</ele>
			</trkpt>
			<trkpt lat="52.400430" lon="17.376880">
				<ele>111.000000</ele>
			</trkpt>
			<trkpt lat="52.400380" lon="17.376950">
				<ele>111.000000</ele>
			</trkpt>
			<trkpt lat="52.400340" lon="17.377000">
				<ele>111.000000</ele>
			</trkpt>
			<trkpt lat="52.400300" lon="17.377060">
				<ele>111.000000</ele>
			</trkpt>
			<trkpt lat="52.400260" lon="17.377130">
				<ele>111.000000</ele>
			</trkpt>
			<trkpt lat="52.400220" lon="17.377199">
				<ele>111.000000</ele>
			</trkpt>
			<trkpt lat="52.400180" lon="17.377270">
				<ele>111.000000</ele>
			</trkpt>
			<trkpt lat="52.400140" lon="17.377340">
				<ele>111.000000</ele>
			</trkpt>
			<trkpt lat="52.400100" lon="17.377410">
				<ele>112.000000</ele>
			</trkpt>
			<trkpt lat="52.400060" lon="17.377480">
				<ele>112.000000</ele>
			</trkpt>
			<trkpt lat="52.400010" lon="17.377560">
				<ele>113.000000</ele>
			</trkpt>
			<trkpt lat="52.399970" lon="17.377630">
				<ele>113.000000</ele>
			</trkpt>
			<trkpt lat="52.399930" lon="17.377700">
				<ele>114.000000</ele>
			</trkpt>
			<trkpt lat="52.399890" lon="17.377769">
				<ele>115.000000</ele>
			</trkpt>
			<trkpt lat="52.399850" lon="17.377840">
				<ele>115.000000</ele>
			</trkpt>
			<trkpt lat="52.399810" lon="17.377910">
				<ele>114.000000</ele>
			</trkpt>
			<trkpt lat="52.399770" lon="17.377980">
				<ele>114.000000</ele>
			</trkpt>
			<trkpt lat="52.399730" lon="17.378050">
				<ele>114.000000</ele>
			</trkpt>
			<trkpt lat="52.399690" lon="17.378119">
				<ele>112.000000</ele>
			</trkpt>
			<trkpt lat="52.399640" lon="17.378190">
				<ele>111.000000</ele>
			</trkpt>
			<trkpt lat="52.399600" lon="17.378260">
				<ele>111.000000</ele>
			</trkpt>
			<trkpt lat="52.399560" lon="17.378330">
				<ele>110.000000</ele>
			</trkpt>
			<trkpt lat="52.399510" lon="17.378400">
				<ele>110.000000</ele>
			</trkpt>
			<trkpt lat="52.399470" lon="17.378460">
				<ele>111.000000</ele>
			</trkpt>
			<trkpt lat="52.399430" lon="17.378530">
				<ele>112.000000</ele>
			</trkpt>
			<trkpt lat="52.399380" lon="17.378590">
				<ele>112.000000</ele>
			</trkpt>
			<trkpt lat="52.399330" lon="17.378640">
				<ele>113.000000</ele>
			</trkpt>
			<trkpt lat="52.399290" lon="17.378709">
				<ele>113.000000</ele>
			</trkpt>
			<trkpt lat="52.399250" lon="17.378781">
				<ele>114.000000</ele>
			</trkpt>
			<trkpt lat="52.399210" lon="17.378850">
				<ele>114.000000</ele>
			</trkpt>
			<trkpt lat="52.399160" lon="17.378920">
				<ele>114.000000</ele>
			</trkpt>
			<trkpt lat="52.399120" lon="17.379000">
				<ele>114.000000</ele>
			</trkpt>
			<trkpt lat="52.399080" lon="17.379059">
				<ele>114.000000</ele>
			</trkpt>
			<trkpt lat="52.399030" lon="17.379131">
				<ele>114.000000</ele>
			</trkpt>
			<trkpt lat="52.399000" lon="17.379200">
				<ele>114.000000</ele>
			</trkpt>
			<trkpt lat="52.398950" lon="17.379270">
				<ele>114.000000</ele>
			</trkpt>
			<trkpt lat="52.398910" lon="17.379330">
				<ele>114.000000</ele>
			</trkpt>
			<trkpt lat="52.398860" lon="17.379400">
				<ele>114.000000</ele>
			</trkpt>
			<trkpt lat="52.398820" lon="17.379470">
				<ele>114.000000</ele>
			</trkpt>
			<trkpt lat="52.398770" lon="17.379540">
				<ele>114.000000</ele>
			</trkpt>
			<trkpt lat="52.398730" lon="17.379600">
				<ele>115.000000</ele>
			</trkpt>
			<trkpt lat="52.398680" lon="17.379670">
				<ele>115.000000</ele>
			</trkpt>
			<trkpt lat="52.398630" lon="17.379739">
				<ele>116.000000</ele>
			</trkpt>
			<trkpt lat="52.398590" lon="17.379811">
				<ele>116.000000</ele>
			</trkpt>
			<trkpt lat="52.398550" lon="17.379880">
				<ele>115.000000</ele>
			</trkpt>
			<trkpt lat="52.398500" lon="17.379950">
				<ele>114.000000</ele>
			</trkpt>
			<trkpt lat="52.398460" lon="17.380020">
				<ele>113.000000</ele>
			</trkpt>
			<trkpt lat="52.398410" lon="17.380100">
				<ele>113.000000</ele>
			</trkpt>
			<trkpt lat="52.398370" lon="17.380161">
				<ele>112.000000</ele>
			</trkpt>
			<trkpt lat="52.398330" lon="17.380230">
				<ele>112.000000</ele>
			</trkpt>
			<trkpt lat="52.398290" lon="17.380300">
				<ele>113.000000</ele>
			</trkpt>
			<trkpt lat="52.398240" lon="17.380370">
				<ele>113.000000</ele>
			</trkpt>
			<trkpt lat="52.398190" lon="17.380439">
				<ele>114.000000</ele>
			</trkpt>
			<trkpt lat="52.398150" lon="17.380511">
				<ele>114.000000</ele>
			</trkpt>
			<trkpt lat="52.398100" lon="17.380580">
				<ele>114.000000</ele>
			</trkpt>
			<trkpt lat="52.398060" lon="17.380650">
				<ele>114.000000</ele>
			</trkpt>
			<trkpt lat="52.398010" lon="17.380731">
				<ele>114.000000</ele>
			</trkpt>
			<trkpt lat="52.397960" lon="17.380800">
				<ele>116.000000</ele>
			</trkpt>
			<trkpt lat="52.397920" lon="17.380861">
				<ele>116.000000</ele>
			</trkpt>
			<trkpt lat="52.397870" lon="17.380940">
				<ele>117.000000</ele>
			</trkpt>
			<trkpt lat="52.397830" lon="17.381009">
				<ele>117.000000</ele>
			</trkpt>
			<trkpt lat="52.397790" lon="17.381081">
				<ele>118.000000</ele>
			</trkpt>
			<trkpt lat="52.397750" lon="17.381150">
				<ele>117.000000</ele>
			</trkpt>
			<trkpt lat="52.397710" lon="17.381220">
				<ele>117.000000</ele>
			</trkpt>
			<trkpt lat="52.397670" lon="17.381290">
				<ele>116.000000</ele>
			</trkpt>
			<trkpt lat="52.397630" lon="17.381359">
				<ele>116.000000</ele>
			</trkpt>
			<trkpt lat="52.397600" lon="17.381440">
				<ele>115.000000</ele>
			</trkpt>
			<trkpt lat="52.397570" lon="17.381520">
				<ele>114.000000</ele>
			</trkpt>
			<trkpt lat="52.397540" lon="17.381579">
				<ele>114.000000</ele>
			</trkpt>
			<trkpt lat="52.397500" lon="17.381640">
				<ele>114.000000</ele>
			</trkpt>
			<trkpt lat="52.397470" lon="17.381689">
				<ele>114.000000</ele>
			</trkpt>
			<trkpt lat="52.397430" lon="17.381750">
				<ele>114.000000</ele>
			</trkpt>
			<trkpt lat="52.397400" lon="17.381819">
				<ele>115.000000</ele>
			</trkpt>
			<trkpt lat="52.397360" lon="17.381891">
				<ele>115.000000</ele>
			</trkpt>
			<trkpt lat="52.397310" lon="17.381970">
				<ele>116.000000</ele>
			</trkpt>
			<trkpt lat="52.397270" lon="17.382039">
				<ele>117.000000</ele>
			</trkpt>
			<trkpt lat="52.397220" lon="17.382111">
				<ele>117.000000</ele>
			</trkpt>
			<trkpt lat="52.397180" lon="17.382190">
				<ele>116.000000</ele>
			</trkpt>
			<trkpt lat="52.397140" lon="17.382259">
				<ele>115.000000</ele>
			</trkpt>
			<trkpt lat="52.397100" lon="17.382320">
				<ele>115.000000</ele>
			</trkpt>
			<trkpt lat="52.397050" lon="17.382389">
				<ele>115.000000</ele>
			</trkpt>
			<trkpt lat="52.397000" lon="17.382450">
				<ele>114.000000</ele>
			</trkpt>
			<trkpt lat="52.396960" lon="17.382530">
				<ele>114.000000</ele>
			</trkpt>
			<trkpt lat="52.396920" lon="17.382609">
				<ele>114.000000</ele>
			</trkpt>
			<trkpt lat="52.396880" lon="17.382690">
				<ele>115.000000</ele>
			</trkpt>
			<trkpt lat="52.396840" lon="17.382770">
				<ele>115.000000</ele>
			</trkpt>
			<trkpt lat="52.396800" lon="17.382860">
				<ele>116.000000</ele>
			</trkpt>
			<trkpt lat="52.396760" lon="17.382930">
				<ele>116.000000</ele>
			</trkpt>
			<trkpt lat="52.396730" lon="17.383020">
				<ele>117.000000</ele>
			</trkpt>
			<trkpt lat="52.396690" lon="17.383090">
				<ele>118.000000</ele>
			</trkpt>
			<trkpt lat="52.396650" lon="17.383170">
				<ele>116.000000</ele>
			</trkpt>
			<trkpt lat="52.396610" lon="17.383250">
				<ele>114.000000</ele>
			</trkpt>
			<trkpt lat="52.396570" lon="17.383320">
				<ele>113.000000</ele>
			</trkpt>
			<trkpt lat="52.396520" lon="17.383401">
				<ele>114.000000</ele>
			</trkpt>
			<trkpt lat="52.396480" lon="17.383480">
				<ele>115.000000</ele>
			</trkpt>
			<trkpt lat="52.396430" lon="17.383550">
				<ele>116.000000</ele>
			</trkpt>
			<trkpt lat="52.396390" lon="17.383621">
				<ele>117.000000</ele>
			</trkpt>
			<trkpt lat="52.396350" lon="17.383700">
				<ele>114.000000</ele>
			</trkpt>
			<trkpt lat="52.396320" lon="17.383780">
				<ele>111.000000</ele>
			</trkpt>
			<trkpt lat="52.396280" lon="17.383870">
				<ele>108.000000</ele>
			</trkpt>
			<trkpt lat="52.396240" lon="17.383951">
				<ele>108.000000</ele>
			</trkpt>
			<trkpt lat="52.396200" lon="17.384030">
				<ele>108.000000</ele>
			</trkpt>
			<trkpt lat="52.396160" lon="17.384099">
				<ele>108.000000</ele>
			</trkpt>
			<trkpt lat="52.396120" lon="17.384170">
				<ele>108.000000</ele>
			</trkpt>
			<trkpt lat="52.396080" lon="17.384240">
				<ele>108.000000</ele>
			</trkpt>
			<trkpt lat="52.396040" lon="17.384321">
				<ele>109.000000</ele>
			</trkpt>
			<trkpt lat="52.396010" lon="17.384390">
				<ele>110.000000</ele>
			</trkpt>
			<trkpt lat="52.395960" lon="17.384470">
				<ele>111.000000</ele>
			</trkpt>
			<trkpt lat="52.395930" lon="17.384550">
				<ele>112.000000</ele>
			</trkpt>
			<trkpt lat="52.395890" lon="17.384620">
				<ele>113.000000</ele>
			</trkpt>
			<trkpt lat="52.395850" lon="17.384689">
				<ele>113.000000</ele>
			</trkpt>
			<trkpt lat="52.395810" lon="17.384770">
				<ele>114.000000</ele>
			</trkpt>
			<trkpt lat="52.395770" lon="17.384840">
				<ele>115.000000</ele>
			</trkpt>
			<trkpt lat="52.395730" lon="17.384909">
				<ele>116.000000</ele>
			</trkpt>
			<trkpt lat="52.395690" lon="17.384990">
				<ele>116.000000</ele>
			</trkpt>
			<trkpt lat="52.395640" lon="17.385050">
				<ele>117.000000</ele>
			</trkpt>
			<trkpt lat="52.395590" lon="17.385120">
				<ele>118.000000</ele>
			</trkpt>
			<trkpt lat="52.395550" lon="17.385200">
				<ele>119.000000</ele>
			</trkpt>
			<trkpt lat="52.395500" lon="17.385280">
				<ele>121.000000</ele>
			</trkpt>
			<trkpt lat="52.395460" lon="17.385360">
				<ele>121.000000</ele>
			</trkpt>
			<trkpt lat="52.395420" lon="17.385430">
				<ele>121.000000</ele>
			</trkpt>
			<trkpt lat="52.395380" lon="17.385499">
				<ele>121.000000</ele>
			</trkpt>
			<trkpt lat="52.395340" lon="17.385580">
				<ele>120.000000</ele>
			</trkpt>
			<trkpt lat="52.395300" lon="17.385660">
				<ele>120.000000</ele>
			</trkpt>
			<trkpt lat="52.395260" lon="17.385740">
				<ele>120.000000</ele>
			</trkpt>
			<trkpt lat="52.395220" lon="17.385820">
				<ele>120.000000</ele>
			</trkpt>
			<trkpt lat="52.395180" lon="17.385900">
				<ele>121.000000</ele>
			</trkpt>
			<trkpt lat="52.395150" lon="17.385970">
				<ele>122.000000</ele>
			</trkpt>
			<trkpt lat="52.395110" lon="17.386031">
				<ele>122.000000</ele>
			</trkpt>
			<trkpt lat="52.395080" lon="17.386090">
				<ele>122.000000</ele>
			</trkpt>
			<trkpt lat="52.395050" lon="17.386161">
				<ele>120.000000</ele>
			</trkpt>
			<trkpt lat="52.395010" lon="17.386230">
				<ele>119.000000</ele>
			</trkpt>
			<trkpt lat="52.394970" lon="17.386310">
				<ele>117.000000</ele>
			</trkpt>
			<trkpt lat="52.394930" lon="17.386390">
				<ele>115.000000</ele>
			</trkpt>
			<trkpt lat="52.394890" lon="17.386460">
				<ele>114.000000</ele>
			</trkpt>
			<trkpt lat="52.394850" lon="17.386529">
				<ele>112.000000</ele>
			</trkpt>
			<trkpt lat="52.394810" lon="17.386601">
				<ele>110.000000</ele>
			</trkpt>
			<trkpt lat="52.394770" lon="17.386670">
				<ele>109.000000</ele>
			</trkpt>
			<trkpt lat="52.394730" lon="17.386749">
				<ele>107.000000</ele>
			</trkpt>
			<trkpt lat="52.394690" lon="17.386820">
				<ele>107.000000</ele>
			</trkpt>
			<trkpt lat="52.394650" lon="17.386890">
				<ele>108.000000</ele>
			</trkpt>
			<trkpt lat="52.394610" lon="17.386960">
				<ele>109.000000</ele>
			</trkpt>
			<trkpt lat="52.394570" lon="17.387040">
				<ele>111.000000</ele>
			</trkpt>
			<trkpt lat="52.394520" lon="17.387120">
				<ele>112.000000</ele>
			</trkpt>
			<trkpt lat="52.394480" lon="17.387191">
				<ele>113.000000</ele>
			</trkpt>
			<trkpt lat="52.394440" lon="17.387270">
				<ele>114.000000</ele>
			</trkpt>
			<trkpt lat="52.394390" lon="17.387350">
				<ele>114.000000</ele>
			</trkpt>
			<trkpt lat="52.394340" lon="17.387431">
				<ele>115.000000</ele>
			</trkpt>
			<trkpt lat="52.394290" lon="17.387500">
				<ele>117.000000</ele>
			</trkpt>
			<trkpt lat="52.394250" lon="17.387590">
				<ele>118.000000</ele>
			</trkpt>
			<trkpt lat="52.394210" lon="17.387669">
				<ele>119.000000</ele>
			</trkpt>
			<trkpt lat="52.394160" lon="17.387740">
				<ele>120.000000</ele>
			</trkpt>
			<trkpt lat="52.394120" lon="17.387820">
				<ele>122.000000</ele>
			</trkpt>
			<trkpt lat="52.394070" lon="17.387900">
				<ele>124.000000</ele>
			</trkpt>
			<trkpt lat="52.394030" lon="17.387981">
				<ele>126.000000</ele>
			</trkpt>
			<trkpt lat="52.393990" lon="17.388060">
				<ele>126.000000</ele>
			</trkpt>
			<trkpt lat="52.393940" lon="17.388140">
				<ele>125.000000</ele>
			</trkpt>
			<trkpt lat="52.393900" lon="17.388210">
				<ele>124.000000</ele>
			</trkpt>
			<trkpt lat="52.393860" lon="17.388290">
				<ele>123.000000</ele>
			</trkpt>
			<trkpt lat="52.393820" lon="17.388369">
				<ele>123.000000</ele>
			</trkpt>
			<trkpt lat="52.393780" lon="17.388450">
				<ele>124.000000</ele>
			</trkpt>
			<trkpt lat="52.393740" lon="17.388530">
				<ele>124.000000</ele>
			</trkpt>
			<trkpt lat="52.393700" lon="17.388600">
				<ele>124.000000</ele>
			</trkpt>
			<trkpt lat="52.393660" lon="17.388681">
				<ele>124.000000</ele>
			</trkpt>
			<trkpt lat="52.393620" lon="17.388760">
				<ele>124.000000</ele>
			</trkpt>
			<trkpt lat="52.393570" lon="17.388829">
				<ele>123.000000</ele>
			</trkpt>
			<trkpt lat="52.393530" lon="17.388901">
				<ele>123.000000</ele>
			</trkpt>
			<trkpt lat="52.393490" lon="17.388980">
				<ele>122.000000</ele>
			</trkpt>
			<trkpt lat="52.393450" lon="17.389049">
				<ele>121.000000</ele>
			</trkpt>
			<trkpt lat="52.393410" lon="17.389120">
				<ele>120.000000</ele>
			</trkpt>
			<trkpt lat="52.393370" lon="17.389190">
				<ele>120.000000</ele>
			</trkpt>
			<trkpt lat="52.393330" lon="17.389271">
				<ele>120.000000</ele>
			</trkpt>
			<trkpt lat="52.393290" lon="17.389350">
				<ele>120.000000</ele>
			</trkpt>
			<trkpt lat="52.393260" lon="17.389440">
				<ele>120.000000</ele>
			</trkpt>
			<trkpt lat="52.393220" lon="17.389520">
				<ele>119.000000</ele>
			</trkpt>
			<trkpt lat="52.393180" lon="17.389590">
				<ele>118.000000</ele>
			</trkpt>
			<trkpt lat="52.393140" lon="17.389660">
				<ele>117.000000</ele>
			</trkpt>
			<trkpt lat="52.393100" lon="17.389731">
				<ele>116.000000</ele>
			</trkpt>
			<trkpt lat="52.393060" lon="17.389800">
				<ele>116.000000</ele>
			</trkpt>
			<trkpt lat="52.393020" lon="17.389880">
				<ele>117.000000</ele>
			</trkpt>
			<trkpt lat="52.392980" lon="17.389960">
				<ele>117.000000</ele>
			</trkpt>
			<trkpt lat="52.392940" lon="17.390030">
				<ele>117.000000</ele>
			</trkpt>
			<trkpt lat="52.392900" lon="17.390090">
				<ele>117.000000</ele>
			</trkpt>
			<trkpt lat="52.392860" lon="17.390160">
				<ele>117.000000</ele>
			</trkpt>
			<trkpt lat="52.392820" lon="17.390230">
				<ele>117.000000</ele>
			</trkpt>
			<trkpt lat="52.392790" lon="17.390301">
				<ele>117.000000</ele>
			</trkpt>
			<trkpt lat="52.392750" lon="17.390380">
				<ele>118.000000</ele>
			</trkpt>
			<trkpt lat="52.392710" lon="17.390449">
				<ele>119.000000</ele>
			</trkpt>
			<trkpt lat="52.392680" lon="17.390521">
				<ele>119.000000</ele>
			</trkpt>
			<trkpt lat="52.392640" lon="17.390600">
				<ele>120.000000</ele>
			</trkpt>
			<trkpt lat="52.392600" lon="17.390680">
				<ele>120.000000</ele>
			</trkpt>
			<trkpt lat="52.392560" lon="17.390750">
				<ele>121.000000</ele>
			</trkpt>
			<trkpt lat="52.392510" lon="17.390830">
				<ele>121.000000</ele>
			</trkpt>
			<trkpt lat="52.392470" lon="17.390909">
				<ele>121.000000</ele>
			</trkpt>
			<trkpt lat="52.392430" lon="17.390990">
				<ele>121.000000</ele>
			</trkpt>
			<trkpt lat="52.392400" lon="17.391060">
				<ele>120.000000</ele>
			</trkpt>
			<trkpt lat="52.392350" lon="17.391140">
				<ele>120.000000</ele>
			</trkpt>
			<trkpt lat="52.392310" lon="17.391210">
				<ele>119.000000</ele>
			</trkpt>
			<trkpt lat="52.392270" lon="17.391280">
				<ele>119.000000</ele>
			</trkpt>
			<trkpt lat="52.392220" lon="17.391360">
				<ele>119.000000</ele>
			</trkpt>
			<trkpt lat="52.392170" lon="17.391430">
				<ele>120.000000</ele>
			</trkpt>
			<trkpt lat="52.392140" lon="17.391510">
				<ele>121.000000</ele>
			</trkpt>
			<trkpt lat="52.392090" lon="17.391571">
				<ele>121.000000</ele>
			</trkpt>
			<trkpt lat="52.392050" lon="17.391640">
				<ele>122.000000</ele>
			</trkpt>
			<trkpt lat="52.392010" lon="17.391710">
				<ele>121.000000</ele>
			</trkpt>
			<trkpt lat="52.391970" lon="17.391780">
				<ele>121.000000</ele>
			</trkpt>
			<trkpt lat="52.391930" lon="17.391850">
				<ele>120.000000</ele>
			</trkpt>
			<trkpt lat="52.391890" lon="17.391939">
				<ele>119.000000</ele>
			</trkpt>
			<trkpt lat="52.391850" lon="17.392011">
				<ele>119.000000</ele>
			</trkpt>
			<trkpt lat="52.391810" lon="17.392090">
				<ele>118.000000</ele>
			</trkpt>
			<trkpt lat="52.391770" lon="17.392159">
				<ele>117.000000</ele>
			</trkpt>
			<trkpt lat="52.391730" lon="17.392240">
				<ele>115.000000</ele>
			</trkpt>
			<trkpt lat="52.391690" lon="17.392320">
				<ele>115.000000</ele>
			</trkpt>
			<trkpt lat="52.391650" lon="17.392410">
				<ele>116.000000</ele>
			</trkpt>
			<trkpt lat="52.391610" lon="17.392500">
				<ele>117.000000</ele>
			</trkpt>
			<trkpt lat="52.391560" lon="17.392590">
				<ele>120.000000</ele>
			</trkpt>
			<trkpt lat="52.391520" lon="17.392680">
				<ele>121.000000</ele>
			</trkpt>
			<trkpt lat="52.391480" lon="17.392749">
				<ele>122.000000</ele>
			</trkpt>
			<trkpt lat="52.391430" lon="17.392830">
				<ele>123.000000</ele>
			</trkpt>
			<trkpt lat="52.391390" lon="17.392900">
				<ele>124.000000</ele>
			</trkpt>
			<trkpt lat="52.391350" lon="17.392980">
				<ele>125.000000</ele>
			</trkpt>
			<trkpt lat="52.391320" lon="17.393061">
				<ele>126.000000</ele>
			</trkpt>
			<trkpt lat="52.391270" lon="17.393140">
				<ele>125.000000</ele>
			</trkpt>
			<trkpt lat="52.391230" lon="17.393220">
				<ele>125.000000</ele>
			</trkpt>
			<trkpt lat="52.391200" lon="17.393299">
				<ele>124.000000</ele>
			</trkpt>
			<trkpt lat="52.391160" lon="17.393380">
				<ele>123.000000</ele>
			</trkpt>
			<trkpt lat="52.391110" lon="17.393470">
				<ele>122.000000</ele>
			</trkpt>
			<trkpt lat="52.391070" lon="17.393550">
				<ele>120.000000</ele>
			</trkpt>
			<trkpt lat="52.391030" lon="17.393631">
				<ele>119.000000</ele>
			</trkpt>
			<trkpt lat="52.390990" lon="17.393710">
				<ele>118.000000</ele>
			</trkpt>
			<trkpt lat="52.390950" lon="17.393790">
				<ele>117.000000</ele>
			</trkpt>
			<trkpt lat="52.390910" lon="17.393860">
				<ele>115.000000</ele>
			</trkpt>
			<trkpt lat="52.390870" lon="17.393930">
				<ele>114.000000</ele>
			</trkpt>
			<trkpt lat="52.390840" lon="17.394010">
				<ele>114.000000</ele>
			</trkpt>
			<trkpt lat="52.390800" lon="17.394080">
				<ele>114.000000</ele>
			</trkpt>
			<trkpt lat="52.390760" lon="17.394150">
				<ele>114.000000</ele>
			</trkpt>
			<trkpt lat="52.390720" lon="17.394219">
				<ele>115.000000</ele>
			</trkpt>
			<trkpt lat="52.390690" lon="17.394300">
				<ele>115.000000</ele>
			</trkpt>
			<trkpt lat="52.390650" lon="17.394370">
				<ele>115.000000</ele>
			</trkpt>
			<trkpt lat="52.390610" lon="17.394450">
				<ele>115.000000</ele>
			</trkpt>
			<trkpt lat="52.390570" lon="17.394520">
				<ele>115.000000</ele>
			</trkpt>
			<trkpt lat="52.390530" lon="17.394589">
				<ele>116.000000</ele>
			</trkpt>
			<trkpt lat="52.390490" lon="17.394670">
				<ele>117.000000</ele>
			</trkpt>
			<trkpt lat="52.390450" lon="17.394740">
				<ele>117.000000</ele>
			</trkpt>
			<trkpt lat="52.390400" lon="17.394809">
				<ele>117.000000</ele>
			</trkpt>
			<trkpt lat="52.390360" lon="17.394870">
				<ele>117.000000</ele>
			</trkpt>
			<trkpt lat="52.390320" lon="17.394950">
				<ele>116.000000</ele>
			</trkpt>
			<trkpt lat="52.390290" lon="17.395020">
				<ele>115.000000</ele>
			</trkpt>
			<trkpt lat="52.390250" lon="17.395100">
				<ele>114.000000</ele>
			</trkpt>
			<trkpt lat="52.390210" lon="17.395180">
				<ele>113.000000</ele>
			</trkpt>
			<trkpt lat="52.390170" lon="17.395260">
				<ele>112.000000</ele>
			</trkpt>
			<trkpt lat="52.390140" lon="17.395350">
				<ele>112.000000</ele>
			</trkpt>
			<trkpt lat="52.390100" lon="17.395420">
				<ele>111.000000</ele>
			</trkpt>
			<trkpt lat="52.390060" lon="17.395500">
				<ele>111.000000</ele>
			</trkpt>
			<trkpt lat="52.390020" lon="17.395581">
				<ele>110.000000</ele>
			</trkpt>
			<trkpt lat="52.389980" lon="17.395650">
				<ele>110.000000</ele>
			</trkpt>
			<trkpt lat="52.389930" lon="17.395720">
				<ele>111.000000</ele>
			</trkpt>
			<trkpt lat="52.389890" lon="17.395790">
				<ele>112.000000</ele>
			</trkpt>
			<trkpt lat="52.389850" lon="17.395870">
				<ele>112.000000</ele>
			</trkpt>
			<trkpt lat="52.389810" lon="17.395940">
				<ele>113.000000</ele>
			</trkpt>
			<trkpt lat="52.389770" lon="17.396010">
				<ele>113.000000</ele>
			</trkpt>
			<trkpt lat="52.389730" lon="17.396090">
				<ele>113.000000</ele>
			</trkpt>
			<trkpt lat="52.389680" lon="17.396160">
				<ele>112.000000</ele>
			</trkpt>
			<trkpt lat="52.389640" lon="17.396240">
				<ele>113.000000</ele>
			</trkpt>
			<trkpt lat="52.389600" lon="17.396310">
				<ele>112.000000</ele>
			</trkpt>
			<trkpt lat="52.389560" lon="17.396380">
				<ele>112.000000</ele>
			</trkpt>
			<trkpt lat="52.389520" lon="17.396460">
				<ele>111.000000</ele>
			</trkpt>
			<trkpt lat="52.389480" lon="17.396530">
				<ele>110.000000</ele>
			</trkpt>
			<trkpt lat="52.389440" lon="17.396600">
				<ele>109.000000</ele>
			</trkpt>
			<trkpt lat="52.389410" lon="17.396670">
				<ele>109.000000</ele>
			</trkpt>
			<trkpt lat="52.389370" lon="17.396750">
				<ele>109.000000</ele>
			</trkpt>
			<trkpt lat="52.389330" lon="17.396820">
				<ele>110.000000</ele>
			</trkpt>
			<trkpt lat="52.389290" lon="17.396900">
				<ele>110.000000</ele>
			</trkpt>
			<trkpt lat="52.389250" lon="17.396970">
				<ele>110.000000</ele>
			</trkpt>
			<trkpt lat="52.389210" lon="17.397040">
				<ele>110.000000</ele>
			</trkpt>
			<trkpt lat="52.389160" lon="17.397120">
				<ele>110.000000</ele>
			</trkpt>
			<trkpt lat="52.389120" lon="17.397190">
				<ele>111.000000</ele>
			</trkpt>
			<trkpt lat="52.389080" lon="17.397260">
				<ele>112.000000</ele>
			</trkpt>
			<trkpt lat="52.389040" lon="17.397329">
				<ele>113.000000</ele>
			</trkpt>
			<trkpt lat="52.389000" lon="17.397400">
				<ele>114.000000</ele>
			</trkpt>
			<trkpt lat="52.388960" lon="17.397480">
				<ele>114.000000</ele>
			</trkpt>
			<trkpt lat="52.388910" lon="17.397560">
				<ele>114.000000</ele>
			</trkpt>
			<trkpt lat="52.388870" lon="17.397640">
				<ele>115.000000</ele>
			</trkpt>
			<trkpt lat="52.388840" lon="17.397710">
				<ele>115.000000</ele>
			</trkpt>
			<trkpt lat="52.388800" lon="17.397780">
				<ele>115.000000</ele>
			</trkpt>
			<trkpt lat="52.388760" lon="17.397860">
				<ele>116.000000</ele>
			</trkpt>
			<trkpt lat="52.388710" lon="17.397930">
				<ele>116.000000</ele>
			</trkpt>
			<trkpt lat="52.388670" lon="17.398000">
				<ele>115.000000</ele>
			</trkpt>
			<trkpt lat="52.388620" lon="17.398070">
				<ele>114.000000</ele>
			</trkpt>
			<trkpt lat="52.388570" lon="17.398139">
				<ele>114.000000</ele>
			</trkpt>
			<trkpt lat="52.388530" lon="17.398210">
				<ele>115.000000</ele>
			</trkpt>
			<trkpt lat="52.388480" lon="17.398280">
				<ele>115.000000</ele>
			</trkpt>
			<trkpt lat="52.388430" lon="17.398361">
				<ele>115.000000</ele>
			</trkpt>
			<trkpt lat="52.388390" lon="17.398430">
				<ele>115.000000</ele>
			</trkpt>
			<trkpt lat="52.388340" lon="17.398510">
				<ele>115.000000</ele>
			</trkpt>
			<trkpt lat="52.388300" lon="17.398581">
				<ele>115.000000</ele>
			</trkpt>
			<trkpt lat="52.388270" lon="17.398660">
				<ele>115.000000</ele>
			</trkpt>
			<trkpt lat="52.388220" lon="17.398729">
				<ele>116.000000</ele>
			</trkpt>
			<trkpt lat="52.388180" lon="17.398801">
				<ele>116.000000</ele>
			</trkpt>
			<trkpt lat="52.388140" lon="17.398860">
				<ele>117.000000</ele>
			</trkpt>
			<trkpt lat="52.388100" lon="17.398931">
				<ele>118.000000</ele>
			</trkpt>
			<trkpt lat="52.388060" lon="17.398990">
				<ele>118.000000</ele>
			</trkpt>
			<trkpt lat="52.388020" lon="17.399059">
				<ele>119.000000</ele>
			</trkpt>
			<trkpt lat="52.387980" lon="17.399110">
				<ele>119.000000</ele>
			</trkpt>
			<trkpt lat="52.387950" lon="17.399169">
				<ele>119.000000</ele>
			</trkpt>
			<trkpt lat="52.387950" lon="17.399230">
				<ele>118.000000</ele>
			</trkpt>
			<trkpt lat="52.387970" lon="17.399270">
				<ele>118.000000</ele>
			</trkpt>
			<trkpt lat="52.388000" lon="17.399281">
				<ele>119.000000</ele>
			</trkpt>
			<trkpt lat="52.388030" lon="17.399270">
				<ele>119.000000</ele>
			</trkpt>
			<trkpt lat="52.388070" lon="17.399261">
				<ele>119.000000</ele>
			</trkpt>
			<trkpt lat="52.388110" lon="17.399261">
				<ele>119.000000</ele>
			</trkpt>
			<trkpt lat="52.388150" lon="17.399261">
				<ele>119.000000</ele>
			</trkpt>
			<trkpt lat="52.388190" lon="17.399270">
				<ele>119.000000</ele>
			</trkpt>
			<trkpt lat="52.388240" lon="17.399281">
				<ele>119.000000</ele>
			</trkpt>
			<trkpt lat="52.388290" lon="17.399290">
				<ele>119.000000</ele>
			</trkpt>
			<trkpt lat="52.388340" lon="17.399299">
				<ele>119.000000</ele>
			</trkpt>
			<trkpt lat="52.388390" lon="17.399310">
				<ele>119.000000</ele>
			</trkpt>
			<trkpt lat="52.388450" lon="17.399310">
				<ele>120.000000</ele>
			</trkpt>
			<trkpt lat="52.388500" lon="17.399330">
				<ele>121.000000</ele>
			</trkpt>
			<trkpt lat="52.388560" lon="17.399330">
				<ele>121.000000</ele>
			</trkpt>
			<trkpt lat="52.388610" lon="17.399330">
				<ele>122.000000</ele>
			</trkpt>
			<trkpt lat="52.388660" lon="17.399340">
				<ele>122.000000</ele>
			</trkpt>
			<trkpt lat="52.388720" lon="17.399340">
				<ele>122.000000</ele>
			</trkpt>
			<trkpt lat="52.388770" lon="17.399350">
				<ele>122.000000</ele>
			</trkpt>
			<trkpt lat="52.388830" lon="17.399360">
				<ele>122.000000</ele>
			</trkpt>
			<trkpt lat="52.388900" lon="17.399371">
				<ele>121.000000</ele>
			</trkpt>
			<trkpt lat="52.388960" lon="17.399380">
				<ele>121.000000</ele>
			</trkpt>
			<trkpt lat="52.389030" lon="17.399380">
				<ele>121.000000</ele>
			</trkpt>
			<trkpt lat="52.389090" lon="17.399400">
				<ele>121.000000</ele>
			</trkpt>
			<trkpt lat="52.389150" lon="17.399409">
				<ele>120.000000</ele>
			</trkpt>
			<trkpt lat="52.389210" lon="17.399420">
				<ele>120.000000</ele>
			</trkpt>
			<trkpt lat="52.389270" lon="17.399440">
				<ele>119.000000</ele>
			</trkpt>
			<trkpt lat="52.389330" lon="17.399440">
				<ele>118.000000</ele>
			</trkpt>
			<trkpt lat="52.389390" lon="17.399450">
				<ele>117.000000</ele>
			</trkpt>
			<trkpt lat="52.389450" lon="17.399470">
				<ele>116.000000</ele>
			</trkpt>
			<trkpt lat="52.389510" lon="17.399470">
				<ele>116.000000</ele>
			</trkpt>
			<trkpt lat="52.389570" lon="17.399480">
				<ele>116.000000</ele>
			</trkpt>
			<trkpt lat="52.389630" lon="17.399480">
				<ele>117.000000</ele>
			</trkpt>
			<trkpt lat="52.389680" lon="17.399480">
				<ele>117.000000</ele>
			</trkpt>
			<trkpt lat="52.389740" lon="17.399480">
				<ele>118.000000</ele>
			</trkpt>
			<trkpt lat="52.389800" lon="17.399490">
				<ele>118.000000</ele>
			</trkpt>
			<trkpt lat="52.389860" lon="17.399490">
				<ele>118.000000</ele>
			</trkpt>
			<trkpt lat="52.389910" lon="17.399501">
				<ele>118.000000</ele>
			</trkpt>
			<trkpt lat="52.389970" lon="17.399501">
				<ele>118.000000</ele>
			</trkpt>
			<trkpt lat="52.390020" lon="17.399501">
				<ele>118.000000</ele>
			</trkpt>
			<trkpt lat="52.390080" lon="17.399510">
				<ele>118.000000</ele>
			</trkpt>
			<trkpt lat="52.390150" lon="17.399501">
				<ele>118.000000</ele>
			</trkpt>
			<trkpt lat="52.390200" lon="17.399510">
				<ele>118.000000</ele>
			</trkpt>
			<trkpt lat="52.390250" lon="17.399519">
				<ele>119.000000</ele>
			</trkpt>
			<trkpt lat="52.390310" lon="17.399530">
				<ele>119.000000</ele>
			</trkpt>
			<trkpt lat="52.390360" lon="17.399540">
				<ele>119.000000</ele>
			</trkpt>
			<trkpt lat="52.390420" lon="17.399550">
				<ele>120.000000</ele>
			</trkpt>
			<trkpt lat="52.390480" lon="17.399560">
				<ele>121.000000</ele>
			</trkpt>
			<trkpt lat="52.390550" lon="17.399580">
				<ele>121.000000</ele>
			</trkpt>
			<trkpt lat="52.390610" lon="17.399590">
				<ele>120.000000</ele>
			</trkpt>
			<trkpt lat="52.390680" lon="17.399611">
				<ele>119.000000</ele>
			</trkpt>
			<trkpt lat="52.390750" lon="17.399620">
				<ele>117.000000</ele>
			</trkpt>
			<trkpt lat="52.390810" lon="17.399640">
				<ele>115.000000</ele>
			</trkpt>
			<trkpt lat="52.390870" lon="17.399640">
				<ele>115.000000</ele>
			</trkpt>
			<trkpt lat="52.390930" lon="17.399649">
				<ele>116.000000</ele>
			</trkpt>
			<trkpt lat="52.390990" lon="17.399660">
				<ele>118.000000</ele>
			</trkpt>
			<trkpt lat="52.391050" lon="17.399680">
				<ele>119.000000</ele>
			</trkpt>
			<trkpt lat="52.391120" lon="17.399690">
				<ele>120.000000</ele>
			</trkpt>
			<trkpt lat="52.391170" lon="17.399710">
				<ele>120.000000</ele>
			</trkpt>
			<trkpt lat="52.391230" lon="17.399721">
				<ele>121.000000</ele>
			</trkpt>
			<trkpt lat="52.391290" lon="17.399710">
				<ele>121.000000</ele>
			</trkpt>
			<trkpt lat="52.391340" lon="17.399700">
				<ele>122.000000</ele>
			</trkpt>
			<trkpt lat="52.391400" lon="17.399680">
				<ele>122.000000</ele>
			</trkpt>
			<trkpt lat="52.391450" lon="17.399649">
				<ele>122.000000</ele>
			</trkpt>
			<trkpt lat="52.391500" lon="17.399611">
				<ele>121.000000</ele>
			</trkpt>
			<trkpt lat="52.391540" lon="17.399560">
				<ele>120.000000</ele>
			</trkpt>
			<trkpt lat="52.391590" lon="17.399501">
				<ele>119.000000</ele>
			</trkpt>
			<trkpt lat="52.391650" lon="17.399450">
				<ele>119.000000</ele>
			</trkpt>
			<trkpt lat="52.391700" lon="17.399391">
				<ele>119.000000</ele>
			</trkpt>
			<trkpt lat="52.391750" lon="17.399320">
				<ele>120.000000</ele>
			</trkpt>
			<trkpt lat="52.391800" lon="17.399250">
				<ele>121.000000</ele>
			</trkpt>
			<trkpt lat="52.391860" lon="17.399189">
				<ele>122.000000</ele>
			</trkpt>
			<trkpt lat="52.391920" lon="17.399120">
				<ele>123.000000</ele>
			</trkpt>
			<trkpt lat="52.391970" lon="17.399050">
				<ele>124.000000</ele>
			</trkpt>
			<trkpt lat="52.392020" lon="17.398990">
				<ele>125.000000</ele>
			</trkpt>
			<trkpt lat="52.392060" lon="17.398940">
				<ele>125.000000</ele>
			</trkpt>
			<trkpt lat="52.392120" lon="17.398880">
				<ele>127.000000</ele>
			</trkpt>
			<trkpt lat="52.392170" lon="17.398821">
				<ele>128.000000</ele>
			</trkpt>
			<trkpt lat="52.392220" lon="17.398750">
				<ele>129.000000</ele>
			</trkpt>
			<trkpt lat="52.392270" lon="17.398680">
				<ele>130.000000</ele>
			</trkpt>
			<trkpt lat="52.392320" lon="17.398620">
				<ele>131.000000</ele>
			</trkpt>
			<trkpt lat="52.392380" lon="17.398560">
				<ele>133.000000</ele>
			</trkpt>
			<trkpt lat="52.392430" lon="17.398500">
				<ele>134.000000</ele>
			</trkpt>
			<trkpt lat="52.392480" lon="17.398440">
				<ele>135.000000</ele>
			</trkpt>
			<trkpt lat="52.392530" lon="17.398390">
				<ele>135.000000</ele>
			</trkpt>
			<trkpt lat="52.392570" lon="17.398341">
				<ele>135.000000</ele>
			</trkpt>
			<trkpt lat="52.392620" lon="17.398300">
				<ele>134.000000</ele>
			</trkpt>
			<trkpt lat="52.392660" lon="17.398249">
				<ele>134.000000</ele>
			</trkpt>
			<trkpt lat="52.392710" lon="17.398190">
				<ele>134.000000</ele>
			</trkpt>
			<trkpt lat="52.392770" lon="17.398130">
				<ele>134.000000</ele>
			</trkpt>
			<trkpt lat="52.392820" lon="17.398070">
				<ele>134.000000</ele>
			</trkpt>
			<trkpt lat="52.392880" lon="17.398011">
				<ele>134.000000</ele>
			</trkpt>
			<trkpt lat="52.392930" lon="17.397940">
				<ele>134.000000</ele>
			</trkpt>
			<trkpt lat="52.392980" lon="17.397881">
				<ele>134.000000</ele>
			</trkpt>
			<trkpt lat="52.393030" lon="17.397800">
				<ele>135.000000</ele>
			</trkpt>
			<trkpt lat="52.393080" lon="17.397720">
				<ele>134.000000</ele>
			</trkpt>
			<trkpt lat="52.393130" lon="17.397661">
				<ele>135.000000</ele>
			</trkpt>
			<trkpt lat="52.393180" lon="17.397590">
				<ele>135.000000</ele>
			</trkpt>
			<trkpt lat="52.393230" lon="17.397531">
				<ele>136.000000</ele>
			</trkpt>
			<trkpt lat="52.393280" lon="17.397470">
				<ele>137.000000</ele>
			</trkpt>
			<trkpt lat="52.393330" lon="17.397410">
				<ele>137.000000</ele>
			</trkpt>
			<trkpt lat="52.393380" lon="17.397349">
				<ele>136.000000</ele>
			</trkpt>
			<trkpt lat="52.393420" lon="17.397290">
				<ele>136.000000</ele>
			</trkpt>
			<trkpt lat="52.393470" lon="17.397230">
				<ele>136.000000</ele>
			</trkpt>
			<trkpt lat="52.393510" lon="17.397150">
				<ele>135.000000</ele>
			</trkpt>
			<trkpt lat="52.393560" lon="17.397091">
				<ele>135.000000</ele>
			</trkpt>
			<trkpt lat="52.393610" lon="17.397020">
				<ele>135.000000</ele>
			</trkpt>
			<trkpt lat="52.393660" lon="17.396950">
				<ele>135.000000</ele>
			</trkpt>
			<trkpt lat="52.393710" lon="17.396889">
				<ele>137.000000</ele>
			</trkpt>
			<trkpt lat="52.393760" lon="17.396820">
				<ele>138.000000</ele>
			</trkpt>
			<trkpt lat="52.393800" lon="17.396759">
				<ele>139.000000</ele>
			</trkpt>
			<trkpt lat="52.393840" lon="17.396700">
				<ele>139.000000</ele>
			</trkpt>
			<trkpt lat="52.393880" lon="17.396640">
				<ele>140.000000</ele>
			</trkpt>
			<trkpt lat="52.393920" lon="17.396570">
				<ele>138.000000</ele>
			</trkpt>
			<trkpt lat="52.393960" lon="17.396501">
				<ele>136.000000</ele>
			</trkpt>
			<trkpt lat="52.394010" lon="17.396429">
				<ele>135.000000</ele>
			</trkpt>
			<trkpt lat="52.394050" lon="17.396360">
				<ele>134.000000</ele>
			</trkpt>
			<trkpt lat="52.394100" lon="17.396299">
				<ele>133.000000</ele>
			</trkpt>
			<trkpt lat="52.394140" lon="17.396240">
				<ele>132.000000</ele>
			</trkpt>
			<trkpt lat="52.394180" lon="17.396200">
				<ele>132.000000</ele>
			</trkpt>
			<trkpt lat="52.394220" lon="17.396180">
				<ele>131.000000</ele>
			</trkpt>
			<trkpt lat="52.394270" lon="17.396151">
				<ele>130.000000</ele>
			</trkpt>
			<trkpt lat="52.394320" lon="17.396130">
				<ele>129.000000</ele>
			</trkpt>
			<trkpt lat="52.394360" lon="17.396120">
				<ele>129.000000</ele>
			</trkpt>
			<trkpt lat="52.394400" lon="17.396100">
				<ele>129.000000</ele>
			</trkpt>
			<trkpt lat="52.394440" lon="17.396090">
				<ele>128.000000</ele>
			</trkpt>
			<trkpt lat="52.394480" lon="17.396079">
				<ele>128.000000</ele>
			</trkpt>
			<trkpt lat="52.394520" lon="17.396070">
				<ele>128.000000</ele>
			</trkpt>
			<trkpt lat="52.394560" lon="17.396050">
				<ele>127.000000</ele>
			</trkpt>
			<trkpt lat="52.394590" lon="17.396041">
				<ele>127.000000</ele>
			</trkpt>
			<trkpt lat="52.394630" lon="17.396030">
				<ele>127.000000</ele>
			</trkpt>
			<trkpt lat="52.394670" lon="17.396020">
				<ele>126.000000</ele>
			</trkpt>
			<trkpt lat="52.394720" lon="17.396000">
				<ele>126.000000</ele>
			</trkpt>
			<trkpt lat="52.394770" lon="17.395980">
				<ele>125.000000</ele>
			</trkpt>
			<trkpt lat="52.394810" lon="17.395960">
				<ele>125.000000</ele>
			</trkpt>
			<trkpt lat="52.394850" lon="17.395949">
				<ele>124.000000</ele>
			</trkpt>
			<trkpt lat="52.394900" lon="17.395931">
				<ele>123.000000</ele>
			</trkpt>
			<trkpt lat="52.394940" lon="17.395920">
				<ele>122.000000</ele>
			</trkpt>
			<trkpt lat="52.394980" lon="17.395890">
				<ele>121.000000</ele>
			</trkpt>
			<trkpt lat="52.395020" lon="17.395880">
				<ele>121.000000</ele>
			</trkpt>
			<trkpt lat="52.395070" lon="17.395860">
				<ele>121.000000</ele>
			</trkpt>
			<trkpt lat="52.395120" lon="17.395839">
				<ele>121.000000</ele>
			</trkpt>
			<trkpt lat="52.395160" lon="17.395821">
				<ele>121.000000</ele>
			</trkpt>
			<trkpt lat="52.395200" lon="17.395810">
				<ele>121.000000</ele>
			</trkpt>
			<trkpt lat="52.395230" lon="17.395790">
				<ele>121.000000</ele>
			</trkpt>
			<trkpt lat="52.395260" lon="17.395780">
				<ele>121.000000</ele>
			</trkpt>
			<trkpt lat="52.395300" lon="17.395760">
				<ele>121.000000</ele>
			</trkpt>
			<trkpt lat="52.395350" lon="17.395750">
				<ele>121.000000</ele>
			</trkpt>
			<trkpt lat="52.395400" lon="17.395750">
				<ele>120.000000</ele>
			</trkpt>
			<trkpt lat="52.395450" lon="17.395740">
				<ele>120.000000</ele>
			</trkpt>
			<trkpt lat="52.395500" lon="17.395720">
				<ele>120.000000</ele>
			</trkpt>
			<trkpt lat="52.395560" lon="17.395691">
				<ele>120.000000</ele>
			</trkpt>
			<trkpt lat="52.395610" lon="17.395670">
				<ele>120.000000</ele>
			</trkpt>
			<trkpt lat="52.395660" lon="17.395660">
				<ele>120.000000</ele>
			</trkpt>
			<trkpt lat="52.395720" lon="17.395640">
				<ele>120.000000</ele>
			</trkpt>
			<trkpt lat="52.395780" lon="17.395640">
				<ele>120.000000</ele>
			</trkpt>
			<trkpt lat="52.395830" lon="17.395630">
				<ele>120.000000</ele>
			</trkpt>
			<trkpt lat="52.395870" lon="17.395619">
				<ele>119.000000</ele>
			</trkpt>
			<trkpt lat="52.395930" lon="17.395610">
				<ele>117.000000</ele>
			</trkpt>
			<trkpt lat="52.395980" lon="17.395599">
				<ele>116.000000</ele>
			</trkpt>
			<trkpt lat="52.396030" lon="17.395581">
				<ele>114.000000</ele>
			</trkpt>
			<trkpt lat="52.396070" lon="17.395560">
				<ele>113.000000</ele>
			</trkpt>
			<trkpt lat="52.396120" lon="17.395530">
				<ele>112.000000</ele>
			</trkpt>
			<trkpt lat="52.396170" lon="17.395509">
				<ele>112.000000</ele>
			</trkpt>
			<trkpt lat="52.396230" lon="17.395480">
				<ele>112.000000</ele>
			</trkpt>
			<trkpt lat="52.396280" lon="17.395460">
				<ele>112.000000</ele>
			</trkpt>
			<trkpt lat="52.396330" lon="17.395440">
				<ele>112.000000</ele>
			</trkpt>
			<trkpt lat="52.396380" lon="17.395430">
				<ele>111.000000</ele>
			</trkpt>
			<trkpt lat="52.396430" lon="17.395420">
				<ele>112.000000</ele>
			</trkpt>
			<trkpt lat="52.396490" lon="17.395400">
				<ele>114.000000</ele>
			</trkpt>
			<trkpt lat="52.396540" lon="17.395390">
				<ele>115.000000</ele>
			</trkpt>
			<trkpt lat="52.396590" lon="17.395379">
				<ele>116.000000</ele>
			</trkpt>
			<trkpt lat="52.396640" lon="17.395379">
				<ele>118.000000</ele>
			</trkpt>
			<trkpt lat="52.396690" lon="17.395361">
				<ele>119.000000</ele>
			</trkpt>
			<trkpt lat="52.396750" lon="17.395341">
				<ele>121.000000</ele>
			</trkpt>
			<trkpt lat="52.396800" lon="17.395320">
				<ele>123.000000</ele>
			</trkpt>
			<trkpt lat="52.396850" lon="17.395300">
				<ele>124.000000</ele>
			</trkpt>
			<trkpt lat="52.396910" lon="17.395290">
				<ele>126.000000</ele>
			</trkpt>
			<trkpt lat="52.396950" lon="17.395269">
				<ele>127.000000</ele>
			</trkpt>
			<trkpt lat="52.397010" lon="17.395251">
				<ele>127.000000</ele>
			</trkpt>
			<trkpt lat="52.397070" lon="17.395231">
				<ele>127.000000</ele>
			</trkpt>
			<trkpt lat="52.397130" lon="17.395220">
				<ele>126.000000</ele>
			</trkpt>
			<trkpt lat="52.397180" lon="17.395200">
				<ele>126.000000</ele>
			</trkpt>
			<trkpt lat="52.397230" lon="17.395190">
				<ele>126.000000</ele>
			</trkpt>
			<trkpt lat="52.397280" lon="17.395159">
				<ele>127.000000</ele>
			</trkpt>
			<trkpt lat="52.397330" lon="17.395150">
				<ele>128.000000</ele>
			</trkpt>
			<trkpt lat="52.397380" lon="17.395139">
				<ele>128.000000</ele>
			</trkpt>
			<trkpt lat="52.397430" lon="17.395130">
				<ele>129.000000</ele>
			</trkpt>
			<trkpt lat="52.397490" lon="17.395121">
				<ele>130.000000</ele>
			</trkpt>
			<trkpt lat="52.397540" lon="17.395100">
				<ele>130.000000</ele>
			</trkpt>
			<trkpt lat="52.397600" lon="17.395070">
				<ele>130.000000</ele>
			</trkpt>
			<trkpt lat="52.397650" lon="17.395060">
				<ele>130.000000</ele>
			</trkpt>
			<trkpt lat="52.397700" lon="17.395029">
				<ele>130.000000</ele>
			</trkpt>
			<trkpt lat="52.397740" lon="17.395020">
				<ele>129.000000</ele>
			</trkpt>
			<trkpt lat="52.397790" lon="17.395011">
				<ele>130.000000</ele>
			</trkpt>
			<trkpt lat="52.397830" lon="17.394990">
				<ele>130.000000</ele>
			</trkpt>
			<trkpt lat="52.397880" lon="17.394970">
				<ele>131.000000</ele>
			</trkpt>
			<trkpt lat="52.397930" lon="17.394950">
				<ele>132.000000</ele>
			</trkpt>
			<trkpt lat="52.397990" lon="17.394930">
				<ele>133.000000</ele>
			</trkpt>
			<trkpt lat="52.398050" lon="17.394910">
				<ele>133.000000</ele>
			</trkpt>
			<trkpt lat="52.398100" lon="17.394881">
				<ele>133.000000</ele>
			</trkpt>
			<trkpt lat="52.398150" lon="17.394860">
				<ele>133.000000</ele>
			</trkpt>
			<trkpt lat="52.398210" lon="17.394840">
				<ele>133.000000</ele>
			</trkpt>
			<trkpt lat="52.398260" lon="17.394820">
				<ele>132.000000</ele>
			</trkpt>
			<trkpt lat="52.398300" lon="17.394800">
				<ele>132.000000</ele>
			</trkpt>
			<trkpt lat="52.398350" lon="17.394780">
				<ele>132.000000</ele>
			</trkpt>
			<trkpt lat="52.398400" lon="17.394750">
				<ele>132.000000</ele>
			</trkpt>
			<trkpt lat="52.398450" lon="17.394740">
				<ele>132.000000</ele>
			</trkpt>
			<trkpt lat="52.398500" lon="17.394730">
				<ele>133.000000</ele>
			</trkpt>
			<trkpt lat="52.398550" lon="17.394710">
				<ele>134.000000</ele>
			</trkpt>
			<trkpt lat="52.398600" lon="17.394690">
				<ele>134.000000</ele>
			</trkpt>
			<trkpt lat="52.398650" lon="17.394679">
				<ele>135.000000</ele>
			</trkpt>
			<trkpt lat="52.398710" lon="17.394650">
				<ele>135.000000</ele>
			</trkpt>
			<trkpt lat="52.398780" lon="17.394640">
				<ele>135.000000</ele>
			</trkpt>
			<trkpt lat="52.398840" lon="17.394620">
				<ele>135.000000</ele>
			</trkpt>
			<trkpt lat="52.398900" lon="17.394600">
				<ele>136.000000</ele>
			</trkpt>
			<trkpt lat="52.398960" lon="17.394589">
				<ele>136.000000</ele>
			</trkpt>
			<trkpt lat="52.399010" lon="17.394569">
				<ele>137.000000</ele>
			</trkpt>
			<trkpt lat="52.399070" lon="17.394560">
				<ele>138.000000</ele>
			</trkpt>
			<trkpt lat="52.399120" lon="17.394540">
				<ele>138.000000</ele>
			</trkpt>
			<trkpt lat="52.399180" lon="17.394510">
				<ele>139.000000</ele>
			</trkpt>
			<trkpt lat="52.399230" lon="17.394490">
				<ele>139.000000</ele>
			</trkpt>
			<trkpt lat="52.399290" lon="17.394470">
				<ele>139.000000</ele>
			</trkpt>
			<trkpt lat="52.399340" lon="17.394450">
				<ele>140.000000</ele>
			</trkpt>
			<trkpt lat="52.399400" lon="17.394430">
				<ele>140.000000</ele>
			</trkpt>
			<trkpt lat="52.399450" lon="17.394410">
				<ele>140.000000</ele>
			</trkpt>
			<trkpt lat="52.399500" lon="17.394400">
				<ele>140.000000</ele>
			</trkpt>
			<trkpt lat="52.399550" lon="17.394390">
				<ele>140.000000</ele>
			</trkpt>
			<trkpt lat="52.399600" lon="17.394380">
				<ele>140.000000</ele>
			</trkpt>
			<trkpt lat="52.399660" lon="17.394370">
				<ele>140.000000</ele>
			</trkpt>
			<trkpt lat="52.399720" lon="17.394349">
				<ele>140.000000</ele>
			</trkpt>
			<trkpt lat="52.399780" lon="17.394320">
				<ele>140.000000</ele>
			</trkpt>
			<trkpt lat="52.399850" lon="17.394300">
				<ele>141.000000</ele>
			</trkpt>
			<trkpt lat="52.399910" lon="17.394280">
				<ele>141.000000</ele>
			</trkpt>
			<trkpt lat="52.399970" lon="17.394260">
				<ele>141.000000</ele>
			</trkpt>
			<trkpt lat="52.400030" lon="17.394239">
				<ele>141.000000</ele>
			</trkpt>
			<trkpt lat="52.400090" lon="17.394219">
				<ele>141.000000</ele>
			</trkpt>
			<trkpt lat="52.400150" lon="17.394201">
				<ele>141.000000</ele>
			</trkpt>
			<trkpt lat="52.400210" lon="17.394180">
				<ele>141.000000</ele>
			</trkpt>
			<trkpt lat="52.400280" lon="17.394170">
				<ele>141.000000</ele>
			</trkpt>
			<trkpt lat="52.400350" lon="17.394150">
				<ele>139.000000</ele>
			</trkpt>
			<trkpt lat="52.400410" lon="17.394140">
				<ele>138.000000</ele>
			</trkpt>
			<trkpt lat="52.400470" lon="17.394109">
				<ele>135.000000</ele>
			</trkpt>
			<trkpt lat="52.400520" lon="17.394091">
				<ele>133.000000</ele>
			</trkpt>
			<trkpt lat="52.400570" lon="17.394080">
				<ele>132.000000</ele>
			</trkpt>
			<trkpt lat="52.400630" lon="17.394060">
				<ele>132.000000</ele>
			</trkpt>
			<trkpt lat="52.400680" lon="17.394050">
				<ele>131.000000</ele>
			</trkpt>
			<trkpt lat="52.400740" lon="17.394030">
				<ele>131.000000</ele>
			</trkpt>
			<trkpt lat="52.400810" lon="17.394020">
				<ele>131.000000</ele>
			</trkpt>
			<trkpt lat="52.400870" lon="17.394010">
				<ele>132.000000</ele>
			</trkpt>
			<trkpt lat="52.400920" lon="17.393990">
				<ele>132.000000</ele>
			</trkpt>
			<trkpt lat="52.400980" lon="17.393970">
				<ele>133.000000</ele>
			</trkpt>
			<trkpt lat="52.401040" lon="17.393950">
				<ele>133.000000</ele>
			</trkpt>
			<trkpt lat="52.401100" lon="17.393930">
				<ele>134.000000</ele>
			</trkpt>
			<trkpt lat="52.401160" lon="17.393910">
				<ele>134.000000</ele>
			</trkpt>
			<trkpt lat="52.401210" lon="17.393900">
				<ele>134.000000</ele>
			</trkpt>
			<trkpt lat="52.401270" lon="17.393880">
				<ele>133.000000</ele>
			</trkpt>
			<trkpt lat="52.401330" lon="17.393871">
				<ele>133.000000</ele>
			</trkpt>
			<trkpt lat="52.401380" lon="17.393851">
				<ele>134.000000</ele>
			</trkpt>
			<trkpt lat="52.401440" lon="17.393830">
				<ele>132.000000</ele>
			</trkpt>
			<trkpt lat="52.401490" lon="17.393810">
				<ele>131.000000</ele>
			</trkpt>
			<trkpt lat="52.401550" lon="17.393790">
				<ele>129.000000</ele>
			</trkpt>
			<trkpt lat="52.401620" lon="17.393759">
				<ele>128.000000</ele>
			</trkpt>
			<trkpt lat="52.401670" lon="17.393741">
				<ele>127.000000</ele>
			</trkpt>
			<trkpt lat="52.401730" lon="17.393720">
				<ele>126.000000</ele>
			</trkpt>
			<trkpt lat="52.401790" lon="17.393710">
				<ele>126.000000</ele>
			</trkpt>
			<trkpt lat="52.401850" lon="17.393690">
				<ele>126.000000</ele>
			</trkpt>
			<trkpt lat="52.401910" lon="17.393669">
				<ele>126.000000</ele>
			</trkpt>
			<trkpt lat="52.401970" lon="17.393640">
				<ele>126.000000</ele>
			</trkpt>
			<trkpt lat="52.402030" lon="17.393620">
				<ele>126.000000</ele>
			</trkpt>
			<trkpt lat="52.402090" lon="17.393610">
				<ele>125.000000</ele>
			</trkpt>
			<trkpt lat="52.402150" lon="17.393590">
				<ele>124.000000</ele>
			</trkpt>
			<trkpt lat="52.402200" lon="17.393580">
				<ele>124.000000</ele>
			</trkpt>
			<trkpt lat="52.402250" lon="17.393560">
				<ele>124.000000</ele>
			</trkpt>
			<trkpt lat="52.402310" lon="17.393539">
				<ele>124.000000</ele>
			</trkpt>
			<trkpt lat="52.402360" lon="17.393510">
				<ele>125.000000</ele>
			</trkpt>
			<trkpt lat="52.402430" lon="17.393490">
				<ele>125.000000</ele>
			</trkpt>
			<trkpt lat="52.402490" lon="17.393470">
				<ele>126.000000</ele>
			</trkpt>
			<trkpt lat="52.402550" lon="17.393450">
				<ele>126.000000</ele>
			</trkpt>
			<trkpt lat="52.402610" lon="17.393440">
				<ele>127.000000</ele>
			</trkpt>
			<trkpt lat="52.402680" lon="17.393429">
				<ele>127.000000</ele>
			</trkpt>
			<trkpt lat="52.402740" lon="17.393420">
				<ele>127.000000</ele>
			</trkpt>
			<trkpt lat="52.402800" lon="17.393400">
				<ele>127.000000</ele>
			</trkpt>
			<trkpt lat="52.402870" lon="17.393380">
				<ele>127.000000</ele>
			</trkpt>
			<trkpt lat="52.402930" lon="17.393360">
				<ele>127.000000</ele>
			</trkpt>
			<trkpt lat="52.402990" lon="17.393340">
				<ele>127.000000</ele>
			</trkpt>
			<trkpt lat="52.403040" lon="17.393319">
				<ele>128.000000</ele>
			</trkpt>
			<trkpt lat="52.403100" lon="17.393299">
				<ele>129.000000</ele>
			</trkpt>
			<trkpt lat="52.403160" lon="17.393281">
				<ele>130.000000</ele>
			</trkpt>
			<trkpt lat="52.403220" lon="17.393250">
				<ele>131.000000</ele>
			</trkpt>
			<trkpt lat="52.403280" lon="17.393230">
				<ele>133.000000</ele>
			</trkpt>
			<trkpt lat="52.403340" lon="17.393209">
				<ele>134.000000</ele>
			</trkpt>
			<trkpt lat="52.403400" lon="17.393189">
				<ele>134.000000</ele>
			</trkpt>
			<trkpt lat="52.403450" lon="17.393171">
				<ele>134.000000</ele>
			</trkpt>
			<trkpt lat="52.403500" lon="17.393150">
				<ele>134.000000</ele>
			</trkpt>
			<trkpt lat="52.403550" lon="17.393130">
				<ele>135.000000</ele>
			</trkpt>
			<trkpt lat="52.403610" lon="17.393110">
				<ele>135.000000</ele>
			</trkpt>
			<trkpt lat="52.403670" lon="17.393090">
				<ele>134.000000</ele>
			</trkpt>
			<trkpt lat="52.403720" lon="17.393070">
				<ele>133.000000</ele>
			</trkpt>
			<trkpt lat="52.403780" lon="17.393050">
				<ele>133.000000</ele>
			</trkpt>
			<trkpt lat="52.403840" lon="17.393030">
				<ele>132.000000</ele>
			</trkpt>
			<trkpt lat="52.403890" lon="17.393020">
				<ele>132.000000</ele>
			</trkpt>
			<trkpt lat="52.403940" lon="17.393000">
				<ele>132.000000</ele>
			</trkpt>
			<trkpt lat="52.403990" lon="17.392990">
				<ele>133.000000</ele>
			</trkpt>
			<trkpt lat="52.404040" lon="17.392980">
				<ele>133.000000</ele>
			</trkpt>
			<trkpt lat="52.404100" lon="17.392969">
				<ele>134.000000</ele>
			</trkpt>
			<trkpt lat="52.404150" lon="17.392951">
				<ele>135.000000</ele>
			</trkpt>
			<trkpt lat="52.404180" lon="17.392910">
				<ele>135.000000</ele>
			</trkpt>
			<trkpt lat="52.404200" lon="17.392880">
				<ele>135.000000</ele>
			</trkpt>
			<trkpt lat="52.404210" lon="17.392850">
				<ele>135.000000</ele>
			</trkpt>
			<trkpt lat="52.404200" lon="17.392810">
				<ele>134.000000</ele>
			</trkpt>
			<trkpt lat="52.404190" lon="17.392760">
				<ele>134.000000</ele>
			</trkpt>
			<trkpt lat="52.404180" lon="17.392700">
				<ele>133.000000</ele>
			</trkpt>
			<trkpt lat="52.404180" lon="17.392630">
				<ele>133.000000</ele>
			</trkpt>
			<trkpt lat="52.404190" lon="17.392560">
				<ele>132.000000</ele>
			</trkpt>
			<trkpt lat="52.404180" lon="17.392480">
				<ele>132.000000</ele>
			</trkpt>
			<trkpt lat="52.404180" lon="17.392410">
				<ele>131.000000</ele>
			</trkpt>
			<trkpt lat="52.404170" lon="17.392330">
				<ele>131.000000</ele>
			</trkpt>
			<trkpt lat="52.404170" lon="17.392251">
				<ele>131.000000</ele>
			</trkpt>
			<trkpt lat="52.404150" lon="17.392159">
				<ele>131.000000</ele>
			</trkpt>
			<trkpt lat="52.404140" lon="17.392080">
				<ele>131.000000</ele>
			</trkpt>
			<trkpt lat="52.404130" lon="17.391990">
				<ele>132.000000</ele>
			</trkpt>
			<trkpt lat="52.404120" lon="17.391910">
				<ele>132.000000</ele>
			</trkpt>
			<trkpt lat="52.404100" lon="17.391820">
				<ele>132.000000</ele>
			</trkpt>
			<trkpt lat="52.404090" lon="17.391730">
				<ele>132.000000</ele>
			</trkpt>
			<trkpt lat="52.404080" lon="17.391640">
				<ele>132.000000</ele>
			</trkpt>
			<trkpt lat="52.404080" lon="17.391540">
				<ele>133.000000</ele>
			</trkpt>
			<trkpt lat="52.404090" lon="17.391459">
				<ele>133.000000</ele>
			</trkpt>
			<trkpt lat="52.404110" lon="17.391380">
				<ele>134.000000</ele>
			</trkpt>
			<trkpt lat="52.404140" lon="17.391310">
				<ele>134.000000</ele>
			</trkpt>
			<trkpt lat="52.404170" lon="17.391239">
				<ele>135.000000</ele>
			</trkpt>
			<trkpt lat="52.404200" lon="17.391170">
				<ele>135.000000</ele>
			</trkpt>
			<trkpt lat="52.404230" lon="17.391091">
				<ele>136.000000</ele>
			</trkpt>
			<trkpt lat="52.404270" lon="17.391019">
				<ele>135.000000</ele>
			</trkpt>
			<trkpt lat="52.404310" lon="17.390950">
				<ele>135.000000</ele>
			</trkpt>
			<trkpt lat="52.404340" lon="17.390880">
				<ele>135.000000</ele>
			</trkpt>
			<trkpt lat="52.404380" lon="17.390800">
				<ele>136.000000</ele>
			</trkpt>
			<trkpt lat="52.404410" lon="17.390730">
				<ele>136.000000</ele>
			</trkpt>
			<trkpt lat="52.404460" lon="17.390669">
				<ele>137.000000</ele>
			</trkpt>
			<trkpt lat="52.404500" lon="17.390590">
				<ele>137.000000</ele>
			</trkpt>
			<trkpt lat="52.404530" lon="17.390521">
				<ele>137.000000</ele>
			</trkpt>
			<trkpt lat="52.404570" lon="17.390460">
				<ele>136.000000</ele>
			</trkpt>
			<trkpt lat="52.404620" lon="17.390390">
				<ele>136.000000</ele>
			</trkpt>
			<trkpt lat="52.404660" lon="17.390310">
				<ele>135.000000</ele>
			</trkpt>
			<trkpt lat="52.404690" lon="17.390240">
				<ele>134.000000</ele>
			</trkpt>
			<trkpt lat="52.404730" lon="17.390160">
				<ele>134.000000</ele>
			</trkpt>
			<trkpt lat="52.404760" lon="17.390079">
				<ele>134.000000</ele>
			</trkpt>
			<trkpt lat="52.404800" lon="17.390000">
				<ele>135.000000</ele>
			</trkpt>
			<trkpt lat="52.404840" lon="17.389930">
				<ele>135.000000</ele>
			</trkpt>
			<trkpt lat="52.404880" lon="17.389850">
				<ele>136.000000</ele>
			</trkpt>
			<trkpt lat="52.404920" lon="17.389770">
				<ele>137.000000</ele>
			</trkpt>
			<trkpt lat="52.404950" lon="17.389700">
				<ele>137.000000</ele>
			</trkpt>
			<trkpt lat="52.404990" lon="17.389610">
				<ele>137.000000</ele>
			</trkpt>
			<trkpt lat="52.405040" lon="17.389520">
				<ele>136.000000</ele>
			</trkpt>
			<trkpt lat="52.405070" lon="17.389440">
				<ele>136.000000</ele>
			</trkpt>
			<trkpt lat="52.405110" lon="17.389350">
				<ele>136.000000</ele>
			</trkpt>
			<trkpt lat="52.405140" lon="17.389271">
				<ele>136.000000</ele>
			</trkpt>
			<trkpt lat="52.405180" lon="17.389190">
				<ele>135.000000</ele>
			</trkpt>
			<trkpt lat="52.405210" lon="17.389110">
				<ele>135.000000</ele>
			</trkpt>
			<trkpt lat="52.405250" lon="17.389031">
				<ele>134.000000</ele>
			</trkpt>
			<trkpt lat="52.405290" lon="17.388960">
				<ele>134.000000</ele>
			</trkpt>
			<trkpt lat="52.405320" lon="17.388880">
				<ele>133.000000</ele>
			</trkpt>
			<trkpt lat="52.405360" lon="17.388811">
				<ele>132.000000</ele>
			</trkpt>
			<trkpt lat="52.405400" lon="17.388719">
				<ele>131.000000</ele>
			</trkpt>
			<trkpt lat="52.405440" lon="17.388640">
				<ele>130.000000</ele>
			</trkpt>
			<trkpt lat="52.405480" lon="17.388560">
				<ele>130.000000</ele>
			</trkpt>
			<trkpt lat="52.405520" lon="17.388479">
				<ele>130.000000</ele>
			</trkpt>
			<trkpt lat="52.405550" lon="17.388410">
				<ele>130.000000</ele>
			</trkpt>
			<trkpt lat="52.405590" lon="17.388320">
				<ele>130.000000</ele>
			</trkpt>
			<trkpt lat="52.405620" lon="17.388239">
				<ele>129.000000</ele>
			</trkpt>
			<trkpt lat="52.405650" lon="17.388160">
				<ele>128.000000</ele>
			</trkpt>
			<trkpt lat="52.405690" lon="17.388090">
				<ele>127.000000</ele>
			</trkpt>
			<trkpt lat="52.405720" lon="17.388019">
				<ele>127.000000</ele>
			</trkpt>
			<trkpt lat="52.405760" lon="17.387940">
				<ele>128.000000</ele>
			</trkpt>
			<trkpt lat="52.405800" lon="17.387871">
				<ele>130.000000</ele>
			</trkpt>
			<trkpt lat="52.405830" lon="17.387799">
				<ele>132.000000</ele>
			</trkpt>
			<trkpt lat="52.405870" lon="17.387720">
				<ele>132.000000</ele>
			</trkpt>
			<trkpt lat="52.405900" lon="17.387640">
				<ele>132.000000</ele>
			</trkpt>
			<trkpt lat="52.405930" lon="17.387559">
				<ele>131.000000</ele>
			</trkpt>
			<trkpt lat="52.405970" lon="17.387490">
				<ele>131.000000</ele>
			</trkpt>
			<trkpt lat="52.406000" lon="17.387400">
				<ele>130.000000</ele>
			</trkpt>
			<trkpt lat="52.406050" lon="17.387319">
				<ele>129.000000</ele>
			</trkpt>
			<trkpt lat="52.406090" lon="17.387240">
				<ele>129.000000</ele>
			</trkpt>
			<trkpt lat="52.406130" lon="17.387170">
				<ele>129.000000</ele>
			</trkpt>
			<trkpt lat="52.406160" lon="17.387090">
				<ele>129.000000</ele>
			</trkpt>
			<trkpt lat="52.406200" lon="17.387000">
				<ele>128.000000</ele>
			</trkpt>
			<trkpt lat="52.406240" lon="17.386920">
				<ele>128.000000</ele>
			</trkpt>
			<trkpt lat="52.406280" lon="17.386850">
				<ele>129.000000</ele>
			</trkpt>
			<trkpt lat="52.406320" lon="17.386770">
				<ele>130.000000</ele>
			</trkpt>
			<trkpt lat="52.406360" lon="17.386690">
				<ele>131.000000</ele>
			</trkpt>
			<trkpt lat="52.406390" lon="17.386621">
				<ele>131.000000</ele>
			</trkpt>
			<trkpt lat="52.406430" lon="17.386550">
				<ele>132.000000</ele>
			</trkpt>
			<trkpt lat="52.406460" lon="17.386470">
				<ele>132.000000</ele>
			</trkpt>
			<trkpt lat="52.406490" lon="17.386390">
				<ele>131.000000</ele>
			</trkpt>
			<trkpt lat="52.406540" lon="17.386310">
				<ele>127.000000</ele>
			</trkpt>
			<trkpt lat="52.406570" lon="17.386230">
				<ele>124.000000</ele>
			</trkpt>
			<trkpt lat="52.406610" lon="17.386150">
				<ele>120.000000</ele>
			</trkpt>
			<trkpt lat="52.406640" lon="17.386069">
				<ele>117.000000</ele>
			</trkpt>
			<trkpt lat="52.406670" lon="17.386000">
				<ele>114.000000</ele>
			</trkpt>
			<trkpt lat="52.406720" lon="17.385930">
				<ele>113.000000</ele>
			</trkpt>
			<trkpt lat="52.406750" lon="17.385860">
				<ele>112.000000</ele>
			</trkpt>
			<trkpt lat="52.406790" lon="17.385780">
				<ele>112.000000</ele>
			</trkpt>
			<trkpt lat="52.406820" lon="17.385701">
				<ele>112.000000</ele>
			</trkpt>
			<trkpt lat="52.406860" lon="17.385620">
				<ele>113.000000</ele>
			</trkpt>
			<trkpt lat="52.406890" lon="17.385540">
				<ele>113.000000</ele>
			</trkpt>
			<trkpt lat="52.406930" lon="17.385461">
				<ele>113.000000</ele>
			</trkpt>
			<trkpt lat="52.406970" lon="17.385380">
				<ele>114.000000</ele>
			</trkpt>
			<trkpt lat="52.407000" lon="17.385300">
				<ele>114.000000</ele>
			</trkpt>
			<trkpt lat="52.407020" lon="17.385210">
				<ele>114.000000</ele>
			</trkpt>
			<trkpt lat="52.407060" lon="17.385140">
				<ele>114.000000</ele>
			</trkpt>
			<trkpt lat="52.407090" lon="17.385070">
				<ele>115.000000</ele>
			</trkpt>
			<trkpt lat="52.407130" lon="17.385001">
				<ele>115.000000</ele>
			</trkpt>
			<trkpt lat="52.407170" lon="17.384940">
				<ele>115.000000</ele>
			</trkpt>
			<trkpt lat="52.407210" lon="17.384880">
				<ele>115.000000</ele>
			</trkpt>
			<trkpt lat="52.407250" lon="17.384820">
				<ele>116.000000</ele>
			</trkpt>
			<trkpt lat="52.407280" lon="17.384750">
				<ele>116.000000</ele>
			</trkpt>
			<trkpt lat="52.407320" lon="17.384669">
				<ele>117.000000</ele>
			</trkpt>
			<trkpt lat="52.407340" lon="17.384590">
				<ele>118.000000</ele>
			</trkpt>
			<trkpt lat="52.407380" lon="17.384520">
				<ele>118.000000</ele>
			</trkpt>
			<trkpt lat="52.407410" lon="17.384460">
				<ele>118.000000</ele>
			</trkpt>
			<trkpt lat="52.407450" lon="17.384390">
				<ele>119.000000</ele>
			</trkpt>
			<trkpt lat="52.407480" lon="17.384321">
				<ele>119.000000</ele>
			</trkpt>
			<trkpt lat="52.407510" lon="17.384250">
				<ele>120.000000</ele>
			</trkpt>
			<trkpt lat="52.407550" lon="17.384180">
				<ele>120.000000</ele>
			</trkpt>
			<trkpt lat="52.407580" lon="17.384110">
				<ele>121.000000</ele>
			</trkpt>
			<trkpt lat="52.407620" lon="17.384040">
				<ele>121.000000</ele>
			</trkpt>
			<trkpt lat="52.407660" lon="17.383971">
				<ele>122.000000</ele>
			</trkpt>
			<trkpt lat="52.407700" lon="17.383890">
				<ele>122.000000</ele>
			</trkpt>
			<trkpt lat="52.407730" lon="17.383820">
				<ele>123.000000</ele>
			</trkpt>
			<trkpt lat="52.407760" lon="17.383731">
				<ele>124.000000</ele>
			</trkpt>
			<trkpt lat="52.407790" lon="17.383650">
				<ele>125.000000</ele>
			</trkpt>
			<trkpt lat="52.407830" lon="17.383580">
				<ele>127.000000</ele>
			</trkpt>
			<trkpt lat="52.407860" lon="17.383500">
				<ele>128.000000</ele>
			</trkpt>
			<trkpt lat="52.407890" lon="17.383430">
				<ele>128.000000</ele>
			</trkpt>
			<trkpt lat="52.407930" lon="17.383350">
				<ele>130.000000</ele>
			</trkpt>
			<trkpt lat="52.407960" lon="17.383280">
				<ele>130.000000</ele>
			</trkpt>
			<trkpt lat="52.407990" lon="17.383199">
				<ele>131.000000</ele>
			</trkpt>
			<trkpt lat="52.408020" lon="17.383130">
				<ele>132.000000</ele>
			</trkpt>
			<trkpt lat="52.408050" lon="17.383060">
				<ele>132.000000</ele>
			</trkpt>
			<trkpt lat="52.408080" lon="17.383000">
				<ele>132.000000</ele>
			</trkpt>
			<trkpt lat="52.408100" lon="17.382930">
				<ele>130.000000</ele>
			</trkpt>
			<trkpt lat="52.408130" lon="17.382870">
				<ele>130.000000</ele>
			</trkpt>
			<trkpt lat="52.408170" lon="17.382800">
				<ele>129.000000</ele>
			</trkpt>
			<trkpt lat="52.408200" lon="17.382739">
				<ele>128.000000</ele>
			</trkpt>
			<trkpt lat="52.408240" lon="17.382680">
				<ele>128.000000</ele>
			</trkpt>
			<trkpt lat="52.408270" lon="17.382620">
				<ele>128.000000</ele>
			</trkpt>
			<trkpt lat="52.408300" lon="17.382550">
				<ele>128.000000</ele>
			</trkpt>
			<trkpt lat="52.408340" lon="17.382490">
				<ele>128.000000</ele>
			</trkpt>
			<trkpt lat="52.408370" lon="17.382420">
				<ele>129.000000</ele>
			</trkpt>
			<trkpt lat="52.408410" lon="17.382351">
				<ele>130.000000</ele>
			</trkpt>
			<trkpt lat="52.408440" lon="17.382279">
				<ele>131.000000</ele>
			</trkpt>
			<trkpt lat="52.408470" lon="17.382220">
				<ele>132.000000</ele>
			</trkpt>
			<trkpt lat="52.408500" lon="17.382160">
				<ele>132.000000</ele>
			</trkpt>
			<trkpt lat="52.408530" lon="17.382111">
				<ele>133.000000</ele>
			</trkpt>
			<trkpt lat="52.408560" lon="17.382039">
				<ele>133.000000</ele>
			</trkpt>
			<trkpt lat="52.408590" lon="17.381970">
				<ele>134.000000</ele>
			</trkpt>
			<trkpt lat="52.408620" lon="17.381900">
				<ele>134.000000</ele>
			</trkpt>
			<trkpt lat="52.408660" lon="17.381830">
				<ele>134.000000</ele>
			</trkpt>
			<trkpt lat="52.408710" lon="17.381770">
				<ele>134.000000</ele>
			</trkpt>
			<trkpt lat="52.408760" lon="17.381720">
				<ele>134.000000</ele>
			</trkpt>
			<trkpt lat="52.408810" lon="17.381689">
				<ele>134.000000</ele>
			</trkpt>
			<trkpt lat="52.408870" lon="17.381660">
				<ele>134.000000</ele>
			</trkpt>
			<trkpt lat="52.408920" lon="17.381640">
				<ele>134.000000</ele>
			</trkpt>
			<trkpt lat="52.408980" lon="17.381620">
				<ele>134.000000</ele>
			</trkpt>
			<trkpt lat="52.409030" lon="17.381600">
				<ele>134.000000</ele>
			</trkpt>
			<trkpt lat="52.409080" lon="17.381590">
				<ele>134.000000</ele>
			</trkpt>
			<trkpt lat="52.409140" lon="17.381590">
				<ele>134.000000</ele>
			</trkpt>
			<trkpt lat="52.409190" lon="17.381570">
				<ele>133.000000</ele>
			</trkpt>
			<trkpt lat="52.409240" lon="17.381561">
				<ele>132.000000</ele>
			</trkpt>
			<trkpt lat="52.409300" lon="17.381541">
				<ele>130.000000</ele>
			</trkpt>
			<trkpt lat="52.409350" lon="17.381520">
				<ele>128.000000</ele>
			</trkpt>
			<trkpt lat="52.409400" lon="17.381500">
				<ele>127.000000</ele>
			</trkpt>
			<trkpt lat="52.409450" lon="17.381480">
				<ele>125.000000</ele>
			</trkpt>
			<trkpt lat="52.409490" lon="17.381469">
				<ele>125.000000</ele>
			</trkpt>
			<trkpt lat="52.409540" lon="17.381460">
				<ele>125.000000</ele>
			</trkpt>
			<trkpt lat="52.409590" lon="17.381449">
				<ele>125.000000</ele>
			</trkpt>
			<trkpt lat="52.409650" lon="17.381440">
				<ele>125.000000</ele>
			</trkpt>
			<trkpt lat="52.409700" lon="17.381431">
				<ele>125.000000</ele>
			</trkpt>
			<trkpt lat="52.409770" lon="17.381431">
				<ele>125.000000</ele>
			</trkpt>
			<trkpt lat="52.409830" lon="17.381410">
				<ele>126.000000</ele>
			</trkpt>
			<trkpt lat="52.409890" lon="17.381390">
				<ele>126.000000</ele>
			</trkpt>
			<trkpt lat="52.409950" lon="17.381370">
				<ele>127.000000</ele>
			</trkpt>
			<trkpt lat="52.410010" lon="17.381350">
				<ele>127.000000</ele>
			</trkpt>
			<trkpt lat="52.410060" lon="17.381321">
				<ele>126.000000</ele>
			</trkpt>
			<trkpt lat="52.410120" lon="17.381300">
				<ele>125.000000</ele>
			</trkpt>
			<trkpt lat="52.410180" lon="17.381280">
				<ele>124.000000</ele>
			</trkpt>
			<trkpt lat="52.410230" lon="17.381260">
				<ele>122.000000</ele>
			</trkpt>
			<trkpt lat="52.410290" lon="17.381250">
				<ele>121.000000</ele>
			</trkpt>
			<trkpt lat="52.410340" lon="17.381229">
				<ele>121.000000</ele>
			</trkpt>
			<trkpt lat="52.410400" lon="17.381211">
				<ele>122.000000</ele>
			</trkpt>
			<trkpt lat="52.410450" lon="17.381200">
				<ele>122.000000</ele>
			</trkpt>
			<trkpt lat="52.410510" lon="17.381180">
				<ele>123.000000</ele>
			</trkpt>
			<trkpt lat="52.410560" lon="17.381150">
				<ele>123.000000</ele>
			</trkpt>
			<trkpt lat="52.410610" lon="17.381140">
				<ele>124.000000</ele>
			</trkpt>
			<trkpt lat="52.410670" lon="17.381119">
				<ele>125.000000</ele>
			</trkpt>
			<trkpt lat="52.410720" lon="17.381101">
				<ele>126.000000</ele>
			</trkpt>
			<trkpt lat="52.410780" lon="17.381081">
				<ele>127.000000</ele>
			</trkpt>
			<trkpt lat="52.410840" lon="17.381060">
				<ele>128.000000</ele>
			</trkpt>
			<trkpt lat="52.410890" lon="17.381050">
				<ele>129.000000</ele>
			</trkpt>
			<trkpt lat="52.410940" lon="17.381030">
				<ele>130.000000</ele>
			</trkpt>
			<trkpt lat="52.411000" lon="17.381009">
				<ele>131.000000</ele>
			</trkpt>
			<trkpt lat="52.411060" lon="17.381000">
				<ele>132.000000</ele>
			</trkpt>
			<trkpt lat="52.411120" lon="17.380980">
				<ele>132.000000</ele>
			</trkpt>
			<trkpt lat="52.411180" lon="17.380950">
				<ele>131.000000</ele>
			</trkpt>
			<trkpt lat="52.411230" lon="17.380930">
				<ele>131.000000</ele>
			</trkpt>
			<trkpt lat="52.411290" lon="17.380910">
				<ele>130.000000</ele>
			</trkpt>
			<trkpt lat="52.411340" lon="17.380899">
				<ele>130.000000</ele>
			</trkpt>
			<trkpt lat="52.411400" lon="17.380879">
				<ele>129.000000</ele>
			</trkpt>
			<trkpt lat="52.411450" lon="17.380861">
				<ele>129.000000</ele>
			</trkpt>
			<trkpt lat="52.411510" lon="17.380840">
				<ele>128.000000</ele>
			</trkpt>
			<trkpt lat="52.411560" lon="17.380810">
				<ele>128.000000</ele>
			</trkpt>
			<trkpt lat="52.411610" lon="17.380790">
				<ele>127.000000</ele>
			</trkpt>
			<trkpt lat="52.411660" lon="17.380780">
				<ele>127.000000</ele>
			</trkpt>
			<trkpt lat="52.411720" lon="17.380760">
				<ele>127.000000</ele>
			</trkpt>
			<trkpt lat="52.411770" lon="17.380751">
				<ele>128.000000</ele>
			</trkpt>
			<trkpt lat="52.411830" lon="17.380740">
				<ele>128.000000</ele>
			</trkpt>
			<trkpt lat="52.411880" lon="17.380720">
				<ele>128.000000</ele>
			</trkpt>
			<trkpt lat="52.411940" lon="17.380700">
				<ele>128.000000</ele>
			</trkpt>
			<trkpt lat="52.412000" lon="17.380670">
				<ele>128.000000</ele>
			</trkpt>
			<trkpt lat="52.412050" lon="17.380650">
				<ele>127.000000</ele>
			</trkpt>
			<trkpt lat="52.412110" lon="17.380621">
				<ele>127.000000</ele>
			</trkpt>
			<trkpt lat="52.412160" lon="17.380600">
				<ele>127.000000</ele>
			</trkpt>
			<trkpt lat="52.412210" lon="17.380580">
				<ele>127.000000</ele>
			</trkpt>
			<trkpt lat="52.412270" lon="17.380560">
				<ele>127.000000</ele>
			</trkpt>
			<trkpt lat="52.412320" lon="17.380549">
				<ele>127.000000</ele>
			</trkpt>
			<trkpt lat="52.412360" lon="17.380540">
				<ele>127.000000</ele>
			</trkpt>
			<trkpt lat="52.412400" lon="17.380560">
				<ele>126.000000</ele>
			</trkpt>
			<trkpt lat="52.412430" lon="17.380590">
				<ele>126.000000</ele>
			</trkpt>
			<trkpt lat="52.412450" lon="17.380630">
				<ele>126.000000</ele>
			</trkpt>
			<trkpt lat="52.412450" lon="17.380680">
				<ele>125.000000</ele>
			</trkpt>
			<trkpt lat="52.412460" lon="17.380731">
				<ele>124.000000</ele>
			</trkpt>
			<trkpt lat="52.412480" lon="17.380780">
				<ele>124.000000</ele>
			</trkpt>
			<trkpt lat="52.412500" lon="17.380810">
				<ele>123.000000</ele>
			</trkpt>
			<trkpt lat="52.412530" lon="17.380810">
				<ele>124.000000</ele>
			</trkpt>
			<trkpt lat="52.412550" lon="17.380800">
				<ele>125.000000</ele>
			</trkpt>
			<trkpt lat="52.412580" lon="17.380790">
				<ele>126.000000</ele>
			</trkpt>
			<trkpt lat="52.412610" lon="17.380760">
				<ele>127.000000</ele>
			</trkpt>
			<trkpt lat="52.412650" lon="17.380740">
				<ele>128.000000</ele>
			</trkpt>
			<trkpt lat="52.412690" lon="17.380720">
				<ele>129.000000</ele>
			</trkpt>
			<trkpt lat="52.412730" lon="17.380690">
				<ele>130.000000</ele>
			</trkpt>
			<trkpt lat="52.412770" lon="17.380670">
				<ele>131.000000</ele>
			</trkpt>
			<trkpt lat="52.412810" lon="17.380630">
				<ele>132.000000</ele>
			</trkpt>
			<trkpt lat="52.412860" lon="17.380600">
				<ele>132.000000</ele>
			</trkpt>
			<trkpt lat="52.412900" lon="17.380560">
				<ele>132.000000</ele>
			</trkpt>
			<trkpt lat="52.412940" lon="17.380529">
				<ele>133.000000</ele>
			</trkpt>
			<trkpt lat="52.412980" lon="17.380500">
				<ele>133.000000</ele>
			</trkpt>
			<trkpt lat="52.413020" lon="17.380470">
				<ele>134.000000</ele>
			</trkpt>
			<trkpt lat="52.413060" lon="17.380430">
				<ele>136.000000</ele>
			</trkpt>
			<trkpt lat="52.413110" lon="17.380390">
				<ele>135.000000</ele>
			</trkpt>
			<trkpt lat="52.413160" lon="17.380350">
				<ele>135.000000</ele>
			</trkpt>
			<trkpt lat="52.413210" lon="17.380309">
				<ele>134.000000</ele>
			</trkpt>
			<trkpt lat="52.413270" lon="17.380280">
				<ele>132.000000</ele>
			</trkpt>
			<trkpt lat="52.413320" lon="17.380240">
				<ele>131.000000</ele>
			</trkpt>
			<trkpt lat="52.413370" lon="17.380210">
				<ele>132.000000</ele>
			</trkpt>
			<trkpt lat="52.413420" lon="17.380170">
				<ele>132.000000</ele>
			</trkpt>
			<trkpt lat="52.413470" lon="17.380130">
				<ele>132.000000</ele>
			</trkpt>
			<trkpt lat="52.413510" lon="17.380100">
				<ele>132.000000</ele>
			</trkpt>
			<trkpt lat="52.413550" lon="17.380080">
				<ele>132.000000</ele>
			</trkpt>
			<trkpt lat="52.413590" lon="17.380040">
				<ele>131.000000</ele>
			</trkpt>
			<trkpt lat="52.413630" lon="17.380010">
				<ele>131.000000</ele>
			</trkpt>
			<trkpt lat="52.413680" lon="17.379970">
				<ele>133.000000</ele>
			</trkpt>
			<trkpt lat="52.413730" lon="17.379941">
				<ele>134.000000</ele>
			</trkpt>
			<trkpt lat="52.413780" lon="17.379900">
				<ele>135.000000</ele>
			</trkpt>
			<trkpt lat="52.413820" lon="17.379860">
				<ele>136.000000</ele>
			</trkpt>
			<trkpt lat="52.413880" lon="17.379820">
				<ele>136.000000</ele>
			</trkpt>
			<trkpt lat="52.413920" lon="17.379800">
				<ele>137.000000</ele>
			</trkpt>
			<trkpt lat="52.413970" lon="17.379760">
				<ele>137.000000</ele>
			</trkpt>
			<trkpt lat="52.414010" lon="17.379739">
				<ele>137.000000</ele>
			</trkpt>
			<trkpt lat="52.414060" lon="17.379701">
				<ele>137.000000</ele>
			</trkpt>
			<trkpt lat="52.414110" lon="17.379670">
				<ele>137.000000</ele>
			</trkpt>
			<trkpt lat="52.414150" lon="17.379629">
				<ele>137.000000</ele>
			</trkpt>
			<trkpt lat="52.414200" lon="17.379591">
				<ele>136.000000</ele>
			</trkpt>
			<trkpt lat="52.414240" lon="17.379560">
				<ele>136.000000</ele>
			</trkpt>
			<trkpt lat="52.414280" lon="17.379540">
				<ele>136.000000</ele>
			</trkpt>
			<trkpt lat="52.414330" lon="17.379510">
				<ele>135.000000</ele>
			</trkpt>
			<trkpt lat="52.414380" lon="17.379470">
				<ele>135.000000</ele>
			</trkpt>
			<trkpt lat="52.414430" lon="17.379440">
				<ele>134.000000</ele>
			</trkpt>
			<trkpt lat="52.414480" lon="17.379400">
				<ele>133.000000</ele>
			</trkpt>
			<trkpt lat="52.414520" lon="17.379360">
				<ele>132.000000</ele>
			</trkpt>
			<trkpt lat="52.414570" lon="17.379320">
				<ele>131.000000</ele>
			</trkpt>
			<trkpt lat="52.414620" lon="17.379279">
				<ele>130.000000</ele>
			</trkpt>
			<trkpt lat="52.414670" lon="17.379241">
				<ele>129.000000</ele>
			</trkpt>
			<trkpt lat="52.414720" lon="17.379210">
				<ele>129.000000</ele>
			</trkpt>
			<trkpt lat="52.414760" lon="17.379180">
				<ele>129.000000</ele>
			</trkpt>
			<trkpt lat="52.414810" lon="17.379140">
				<ele>128.000000</ele>
			</trkpt>
			<trkpt lat="52.414860" lon="17.379110">
				<ele>128.000000</ele>
			</trkpt>
			<trkpt lat="52.414910" lon="17.379070">
				<ele>128.000000</ele>
			</trkpt>
			<trkpt lat="52.414960" lon="17.379030">
				<ele>128.000000</ele>
			</trkpt>
			<trkpt lat="52.415010" lon="17.379000">
				<ele>128.000000</ele>
			</trkpt>
			<trkpt lat="52.415060" lon="17.378960">
				<ele>127.000000</ele>
			</trkpt>
			<trkpt lat="52.415110" lon="17.378929">
				<ele>126.000000</ele>
			</trkpt>
			<trkpt lat="52.415150" lon="17.378891">
				<ele>125.000000</ele>
			</trkpt>
			<trkpt lat="52.415200" lon="17.378850">
				<ele>123.000000</ele>
			</trkpt>
			<trkpt lat="52.415240" lon="17.378830">
				<ele>122.000000</ele>
			</trkpt>
			<trkpt lat="52.415290" lon="17.378801">
				<ele>121.000000</ele>
			</trkpt>
			<trkpt lat="52.415340" lon="17.378770">
				<ele>121.000000</ele>
			</trkpt>
			<trkpt lat="52.415390" lon="17.378730">
				<ele>121.000000</ele>
			</trkpt>
			<trkpt lat="52.415430" lon="17.378680">
				<ele>121.000000</ele>
			</trkpt>
			<trkpt lat="52.415480" lon="17.378640">
				<ele>121.000000</ele>
			</trkpt>
			<trkpt lat="52.415520" lon="17.378610">
				<ele>122.000000</ele>
			</trkpt>
			<trkpt lat="52.415570" lon="17.378579">
				<ele>123.000000</ele>
			</trkpt>
			<trkpt lat="52.415610" lon="17.378540">
				<ele>124.000000</ele>
			</trkpt>
			<trkpt lat="52.415660" lon="17.378510">
				<ele>125.000000</ele>
			</trkpt>
			<trkpt lat="52.415700" lon="17.378480">
				<ele>125.000000</ele>
			</trkpt>
			<trkpt lat="52.415740" lon="17.378451">
				<ele>126.000000</ele>
			</trkpt>
			<trkpt lat="52.415780" lon="17.378410">
				<ele>127.000000</ele>
			</trkpt>
			<trkpt lat="52.415820" lon="17.378380">
				<ele>127.000000</ele>
			</trkpt>
			<trkpt lat="52.415870" lon="17.378341">
				<ele>129.000000</ele>
			</trkpt>
			<trkpt lat="52.415920" lon="17.378310">
				<ele>132.000000</ele>
			</trkpt>
			<trkpt lat="52.415960" lon="17.378270">
				<ele>135.000000</ele>
			</trkpt>
			<trkpt lat="52.416010" lon="17.378240">
				<ele>137.000000</ele>
			</trkpt>
			<trkpt lat="52.416060" lon="17.378211">
				<ele>139.000000</ele>
			</trkpt>
			<trkpt lat="52.416110" lon="17.378180">
				<ele>140.000000</ele>
			</trkpt>
			<trkpt lat="52.416160" lon="17.378150">
				<ele>139.000000</ele>
			</trkpt>
			<trkpt lat="52.416210" lon="17.378110">
				<ele>138.000000</ele>
			</trkpt>
			<trkpt lat="52.416250" lon="17.378060">
				<ele>137.000000</ele>
			</trkpt>
			<trkpt lat="52.416300" lon="17.378020">
				<ele>135.000000</ele>
			</trkpt>
			<trkpt lat="52.416340" lon="17.377980">
				<ele>134.000000</ele>
			</trkpt>
			<trkpt lat="52.416380" lon="17.377940">
				<ele>134.000000</ele>
			</trkpt>
			<trkpt lat="52.416430" lon="17.377890">
				<ele>134.000000</ele>
			</trkpt>
			<trkpt lat="52.416480" lon="17.377850">
				<ele>134.000000</ele>
			</trkpt>
			<trkpt lat="52.416520" lon="17.377810">
				<ele>134.000000</ele>
			</trkpt>
			<trkpt lat="52.416560" lon="17.377780">
				<ele>134.000000</ele>
			</trkpt>
			<trkpt lat="52.416600" lon="17.377751">
				<ele>133.000000</ele>
			</trkpt>
			<trkpt lat="52.416640" lon="17.377720">
				<ele>133.000000</ele>
			</trkpt>
			<trkpt lat="52.416670" lon="17.377700">
				<ele>133.000000</ele>
			</trkpt>
			<trkpt lat="52.416700" lon="17.377670">
				<ele>133.000000</ele>
			</trkpt>
			<trkpt lat="52.416730" lon="17.377641">
				<ele>133.000000</ele>
			</trkpt>
			<trkpt lat="52.416770" lon="17.377600">
				<ele>132.000000</ele>
			</trkpt>
			<trkpt lat="52.416820" lon="17.377560">
				<ele>132.000000</ele>
			</trkpt>
			<trkpt lat="52.416860" lon="17.377531">
				<ele>132.000000</ele>
			</trkpt>
			<trkpt lat="52.416900" lon="17.377500">
				<ele>132.000000</ele>
			</trkpt>
			<trkpt lat="52.416950" lon="17.377470">
				<ele>132.000000</ele>
			</trkpt>
			<trkpt lat="52.416990" lon="17.377439">
				<ele>131.000000</ele>
			</trkpt>
			<trkpt lat="52.417040" lon="17.377410">
				<ele>130.000000</ele>
			</trkpt>
			<trkpt lat="52.417080" lon="17.377390">
				<ele>129.000000</ele>
			</trkpt>
			<trkpt lat="52.417130" lon="17.377350">
				<ele>128.000000</ele>
			</trkpt>
			<trkpt lat="52.417170" lon="17.377320">
				<ele>127.000000</ele>
			</trkpt>
			<trkpt lat="52.417220" lon="17.377291">
				<ele>125.000000</ele>
			</trkpt>
			<trkpt lat="52.417260" lon="17.377260">
				<ele>125.000000</ele>
			</trkpt>
			<trkpt lat="52.417300" lon="17.377219">
				<ele>124.000000</ele>
			</trkpt>
			<trkpt lat="52.417350" lon="17.377181">
				<ele>123.000000</ele>
			</trkpt>
			<trkpt lat="52.417400" lon="17.377140">
				<ele>122.000000</ele>
			</trkpt>
			<trkpt lat="52.417450" lon="17.377110">
				<ele>121.000000</ele>
			</trkpt>
			<trkpt lat="52.417500" lon="17.377071">
				<ele>120.000000</ele>
			</trkpt>
			<trkpt lat="52.417540" lon="17.377030">
				<ele>119.000000</ele>
			</trkpt>
			<trkpt lat="52.417590" lon="17.377000">
				<ele>119.000000</ele>
			</trkpt>
			<trkpt lat="52.417630" lon="17.376970">
				<ele>119.000000</ele>
			</trkpt>
			<trkpt lat="52.417670" lon="17.376930">
				<ele>119.000000</ele>
			</trkpt>
			<trkpt lat="52.417700" lon="17.376890">
				<ele>119.000000</ele>
			</trkpt>
			<trkpt lat="52.417750" lon="17.376860">
				<ele>119.000000</ele>
			</trkpt>
			<trkpt lat="52.417790" lon="17.376820">
				<ele>119.000000</ele>
			</trkpt>
			<trkpt lat="52.417840" lon="17.376780">
				<ele>120.000000</ele>
			</trkpt>
			<trkpt lat="52.417880" lon="17.376730">
				<ele>120.000000</ele>
			</trkpt>
			<trkpt lat="52.417920" lon="17.376700">
				<ele>121.000000</ele>
			</trkpt>
			<trkpt lat="52.417970" lon="17.376670">
				<ele>122.000000</ele>
			</trkpt>
			<trkpt lat="52.418020" lon="17.376629">
				<ele>122.000000</ele>
			</trkpt>
			<trkpt lat="52.418060" lon="17.376600">
				<ele>123.000000</ele>
			</trkpt>
			<trkpt lat="52.418110" lon="17.376560">
				<ele>124.000000</ele>
			</trkpt>
			<trkpt lat="52.418150" lon="17.376530">
				<ele>126.000000</ele>
			</trkpt>
			<trkpt lat="52.418190" lon="17.376501">
				<ele>127.000000</ele>
			</trkpt>
			<trkpt lat="52.418230" lon="17.376470">
				<ele>128.000000</ele>
			</trkpt>
			<trkpt lat="52.418270" lon="17.376440">
				<ele>129.000000</ele>
			</trkpt>
			<trkpt lat="52.418310" lon="17.376409">
				<ele>131.000000</ele>
			</trkpt>
			<trkpt lat="52.418350" lon="17.376380">
				<ele>132.000000</ele>
			</trkpt>
			<trkpt lat="52.418390" lon="17.376360">
				<ele>132.000000</ele>
			</trkpt>
			<trkpt lat="52.418430" lon="17.376340">
				<ele>132.000000</ele>
			</trkpt>
			<trkpt lat="52.418470" lon="17.376300">
				<ele>132.000000</ele>
			</trkpt>
			<trkpt lat="52.418490" lon="17.376250">
				<ele>132.000000</ele>
			</trkpt>
			<trkpt lat="52.418510" lon="17.376180">
				<ele>133.000000</ele>
			</trkpt>
			<trkpt lat="52.418510" lon="17.376110">
				<ele>133.000000</ele>
			</trkpt>
			<trkpt lat="52.418520" lon="17.376041">
				<ele>134.000000</ele>
			</trkpt>
			<trkpt lat="52.418530" lon="17.375970">
				<ele>134.000000</ele>
			</trkpt>
			<trkpt lat="52.418550" lon="17.375880">
				<ele>135.000000</ele>
			</trkpt>
			<trkpt lat="52.418560" lon="17.375801">
				<ele>136.000000</ele>
			</trkpt>
			<trkpt lat="52.418580" lon="17.375720">
				<ele>136.000000</ele>
			</trkpt>
			<trkpt lat="52.418590" lon="17.375640">
				<ele>136.000000</ele>
			</trkpt>
			<trkpt lat="52.418610" lon="17.375561">
				<ele>137.000000</ele>
			</trkpt>
			<trkpt lat="52.418620" lon="17.375480">
				<ele>138.000000</ele>
			</trkpt>
			<trkpt lat="52.418630" lon="17.375400">
				<ele>139.000000</ele>
			</trkpt>
			<trkpt lat="52.418650" lon="17.375310">
				<ele>141.000000</ele>
			</trkpt>
			<trkpt lat="52.418660" lon="17.375231">
				<ele>143.000000</ele>
			</trkpt>
			<trkpt lat="52.418680" lon="17.375139">
				<ele>147.000000</ele>
			</trkpt>
			<trkpt lat="52.418700" lon="17.375060">
				<ele>150.000000</ele>
			</trkpt>
			<trkpt lat="52.418720" lon="17.374980">
				<ele>153.000000</ele>
			</trkpt>
			<trkpt lat="52.418740" lon="17.374890">
				<ele>154.000000</ele>
			</trkpt>
			<trkpt lat="52.418750" lon="17.374789">
				<ele>155.000000</ele>
			</trkpt>
			<trkpt lat="52.418780" lon="17.374690">
				<ele>155.000000</ele>
			</trkpt>
			<trkpt lat="52.418800" lon="17.374600">
				<ele>156.000000</ele>
			</trkpt>
			<trkpt lat="52.418820" lon="17.374500">
				<ele>156.000000</ele>
			</trkpt>
			<trkpt lat="52.418830" lon="17.374410">
				<ele>156.000000</ele>
			</trkpt>
			<trkpt lat="52.418850" lon="17.374320">
				<ele>156.000000</ele>
			</trkpt>
			<trkpt lat="52.418860" lon="17.374230">
				<ele>156.000000</ele>
			</trkpt>
			<trkpt lat="52.418880" lon="17.374130">
				<ele>156.000000</ele>
			</trkpt>
			<trkpt lat="52.418900" lon="17.374040">
				<ele>156.000000</ele>
			</trkpt>
			<trkpt lat="52.418920" lon="17.373940">
				<ele>154.000000</ele>
			</trkpt>
			<trkpt lat="52.418940" lon="17.373840">
				<ele>153.000000</ele>
			</trkpt>
			<trkpt lat="52.418950" lon="17.373739">
				<ele>151.000000</ele>
			</trkpt>
			<trkpt lat="52.418980" lon="17.373649">
				<ele>149.000000</ele>
			</trkpt>
			<trkpt lat="52.419000" lon="17.373550">
				<ele>147.000000</ele>
			</trkpt>
			<trkpt lat="52.419030" lon="17.373450">
				<ele>144.000000</ele>
			</trkpt>
			<trkpt lat="52.419050" lon="17.373360">
				<ele>142.000000</ele>
			</trkpt>
			<trkpt lat="52.419070" lon="17.373270">
				<ele>141.000000</ele>
			</trkpt>
			<trkpt lat="52.419090" lon="17.373169">
				<ele>141.000000</ele>
			</trkpt>
			<trkpt lat="52.419110" lon="17.373059">
				<ele>141.000000</ele>
			</trkpt>
			<trkpt lat="52.419130" lon="17.372949">
				<ele>141.000000</ele>
			</trkpt>
			<trkpt lat="52.419150" lon="17.372850">
				<ele>141.000000</ele>
			</trkpt>
			<trkpt lat="52.419170" lon="17.372750">
				<ele>140.000000</ele>
			</trkpt>
			<trkpt lat="52.419190" lon="17.372660">
				<ele>140.000000</ele>
			</trkpt>
			<trkpt lat="52.419210" lon="17.372561">
				<ele>140.000000</ele>
			</trkpt>
			<trkpt lat="52.419230" lon="17.372471">
				<ele>140.000000</ele>
			</trkpt>
			<trkpt lat="52.419240" lon="17.372370">
				<ele>140.000000</ele>
			</trkpt>
			<trkpt lat="52.419260" lon="17.372269">
				<ele>141.000000</ele>
			</trkpt>
			<trkpt lat="52.419280" lon="17.372170">
				<ele>141.000000</ele>
			</trkpt>
			<trkpt lat="52.419300" lon="17.372070">
				<ele>141.000000</ele>
			</trkpt>
			<trkpt lat="52.419320" lon="17.371970">
				<ele>141.000000</ele>
			</trkpt>
			<trkpt lat="52.419350" lon="17.371860">
				<ele>139.000000</ele>
			</trkpt>
			<trkpt lat="52.419360" lon="17.371771">
				<ele>138.000000</ele>
			</trkpt>
			<trkpt lat="52.419380" lon="17.371670">
				<ele>136.000000</ele>
			</trkpt>
			<trkpt lat="52.419390" lon="17.371569">
				<ele>135.000000</ele>
			</trkpt>
			<trkpt lat="52.419410" lon="17.371470">
				<ele>133.000000</ele>
			</trkpt>
			<trkpt lat="52.419440" lon="17.371370">
				<ele>132.000000</ele>
			</trkpt>
			<trkpt lat="52.419460" lon="17.371280">
				<ele>132.000000</ele>
			</trkpt>
			<trkpt lat="52.419470" lon="17.371190">
				<ele>132.000000</ele>
			</trkpt>
			<trkpt lat="52.419480" lon="17.371100">
				<ele>131.000000</ele>
			</trkpt>
			<trkpt lat="52.419500" lon="17.370999">
				<ele>132.000000</ele>
			</trkpt>
			<trkpt lat="52.419520" lon="17.370900">
				<ele>133.000000</ele>
			</trkpt>
			<trkpt lat="52.419540" lon="17.370800">
				<ele>133.000000</ele>
			</trkpt>
			<trkpt lat="52.419550" lon="17.370710">
				<ele>134.000000</ele>
			</trkpt>
			<trkpt lat="52.419570" lon="17.370611">
				<ele>135.000000</ele>
			</trkpt>
			<trkpt lat="52.419600" lon="17.370510">
				<ele>135.000000</ele>
			</trkpt>
			<trkpt lat="52.419620" lon="17.370420">
				<ele>135.000000</ele>
			</trkpt>
			<trkpt lat="52.419640" lon="17.370320">
				<ele>135.000000</ele>
			</trkpt>
			<trkpt lat="52.419660" lon="17.370220">
				<ele>134.000000</ele>
			</trkpt>
			<trkpt lat="52.419680" lon="17.370110">
				<ele>134.000000</ele>
			</trkpt>
			<trkpt lat="52.419700" lon="17.370010">
				<ele>133.000000</ele>
			</trkpt>
			<trkpt lat="52.419720" lon="17.369920">
				<ele>132.000000</ele>
			</trkpt>
			<trkpt lat="52.419740" lon="17.369830">
				<ele>130.000000</ele>
			</trkpt>
			<trkpt lat="52.419750" lon="17.369729">
				<ele>129.000000</ele>
			</trkpt>
			<trkpt lat="52.419770" lon="17.369640">
				<ele>128.000000</ele>
			</trkpt>
			<trkpt lat="52.419790" lon="17.369540">
				<ele>126.000000</ele>
			</trkpt>
			<trkpt lat="52.419810" lon="17.369430">
				<ele>125.000000</ele>
			</trkpt>
			<trkpt lat="52.419840" lon="17.369341">
				<ele>125.000000</ele>
			</trkpt>
			<trkpt lat="52.419860" lon="17.369240">
				<ele>125.000000</ele>
			</trkpt>
			<trkpt lat="52.419870" lon="17.369150">
				<ele>125.000000</ele>
			</trkpt>
			<trkpt lat="52.419890" lon="17.369060">
				<ele>125.000000</ele>
			</trkpt>
			<trkpt lat="52.419900" lon="17.368980">
				<ele>125.000000</ele>
			</trkpt>
			<trkpt lat="52.419920" lon="17.368910">
				<ele>126.000000</ele>
			</trkpt>
			<trkpt lat="52.419940" lon="17.368840">
				<ele>126.000000</ele>
			</trkpt>
			<trkpt lat="52.419960" lon="17.368780">
				<ele>127.000000</ele>
			</trkpt>
			<trkpt lat="52.419990" lon="17.368750">
				<ele>128.000000</ele>
			</trkpt>
			<trkpt lat="52.420020" lon="17.368740">
				<ele>128.000000</ele>
			</trkpt>
			<trkpt lat="52.420050" lon="17.368760">
				<ele>128.000000</ele>
			</trkpt>
			<trkpt lat="52.420070" lon="17.368791">
				<ele>128.000000</ele>
			</trkpt>
			<trkpt lat="52.420100" lon="17.368830">
				<ele>128.000000</ele>
			</trkpt>
			<trkpt lat="52.420130" lon="17.368870">
				<ele>128.000000</ele>
			</trkpt>
			<trkpt lat="52.420170" lon="17.368910">
				<ele>129.000000</ele>
			</trkpt>
			<trkpt lat="52.420200" lon="17.368950">
				<ele>129.000000</ele>
			</trkpt>
			<trkpt lat="52.420220" lon="17.368990">
				<ele>129.000000</ele>
			</trkpt>
			<trkpt lat="52.420250" lon="17.369029">
				<ele>129.000000</ele>
			</trkpt>
			<trkpt lat="52.420280" lon="17.369070">
				<ele>130.000000</ele>
			</trkpt>
			<trkpt lat="52.420310" lon="17.369100">
				<ele>130.000000</ele>
			</trkpt>
			<trkpt lat="52.420340" lon="17.369130">
				<ele>129.000000</ele>
			</trkpt>
			<trkpt lat="52.420370" lon="17.369170">
				<ele>129.000000</ele>
			</trkpt>
			<trkpt lat="52.420390" lon="17.369190">
				<ele>129.000000</ele>
			</trkpt>
			<trkpt lat="52.420420" lon="17.369220">
				<ele>129.000000</ele>
			</trkpt>
			<trkpt lat="52.420450" lon="17.369251">
				<ele>128.000000</ele>
			</trkpt>
			<trkpt lat="52.420480" lon="17.369290">
				<ele>128.000000</ele>
			</trkpt>
			<trkpt lat="52.420520" lon="17.369320">
				<ele>128.000000</ele>
			</trkpt>
			<trkpt lat="52.420540" lon="17.369370">
				<ele>128.000000</ele>
			</trkpt>
			<trkpt lat="52.420570" lon="17.369410">
				<ele>128.000000</ele>
			</trkpt>
			<trkpt lat="52.420600" lon="17.369450">
				<ele>127.000000</ele>
			</trkpt>
			<trkpt lat="52.420620" lon="17.369489">
				<ele>128.000000</ele>
			</trkpt>
			<trkpt lat="52.420630" lon="17.369530">
				<ele>128.000000</ele>
			</trkpt>
			<trkpt lat="52.420640" lon="17.369560">
				<ele>128.000000</ele>
			</trkpt>
			<trkpt lat="52.420650" lon="17.369590">
				<ele>128.000000</ele>
			</trkpt>
			<trkpt lat="52.420660" lon="17.369610">
				<ele>129.000000</ele>
			</trkpt>
			<trkpt lat="52.420680" lon="17.369650">
				<ele>129.000000</ele>
			</trkpt>
			<trkpt lat="52.420690" lon="17.369691">
				<ele>130.000000</ele>
			</trkpt>
			<trkpt lat="52.420710" lon="17.369720">
				<ele>130.000000</ele>
			</trkpt>
			<trkpt lat="52.420720" lon="17.369750">
				<ele>130.000000</ele>
			</trkpt>
			<trkpt lat="52.420740" lon="17.369770">
				<ele>131.000000</ele>
			</trkpt>
			<trkpt lat="52.420750" lon="17.369801">
				<ele>131.000000</ele>
			</trkpt>
			<trkpt lat="52.420760" lon="17.369830">
				<ele>131.000000</ele>
			</trkpt>
			<trkpt lat="52.420760" lon="17.369850">
				<ele>131.000000</ele>
			</trkpt>
			<trkpt lat="52.420780" lon="17.369880">
				<ele>131.000000</ele>
			</trkpt>
			<trkpt lat="52.420790" lon="17.369900">
				<ele>132.000000</ele>
			</trkpt>
			<trkpt lat="52.420800" lon="17.369920">
				<ele>132.000000</ele>
			</trkpt>
			<trkpt lat="52.420800" lon="17.369960">
				<ele>132.000000</ele>
			</trkpt>
			<trkpt lat="52.420820" lon="17.369990">
				<ele>132.000000</ele>
			</trkpt>
			<trkpt lat="52.420830" lon="17.370030">
				<ele>133.000000</ele>
			</trkpt>
			<trkpt lat="52.420850" lon="17.370059">
				<ele>133.000000</ele>
			</trkpt>
			<trkpt lat="52.420850" lon="17.370079">
				<ele>133.000000</ele>
			</trkpt>
			<trkpt lat="52.420860" lon="17.370100">
				<ele>133.000000</ele>
			</trkpt>
			<trkpt lat="52.420870" lon="17.370130">
				<ele>134.000000</ele>
			</trkpt>
			<trkpt lat="52.420880" lon="17.370151">
				<ele>134.000000</ele>
			</trkpt>
			<trkpt lat="52.420890" lon="17.370180">
				<ele>134.000000</ele>
			</trkpt>
			<trkpt lat="52.420900" lon="17.370210">
				<ele>134.000000</ele>
			</trkpt>
			<trkpt lat="52.420920" lon="17.370240">
				<ele>135.000000</ele>
			</trkpt>
			<trkpt lat="52.420930" lon="17.370261">
				<ele>135.000000</ele>
			</trkpt>
			<trkpt lat="52.420940" lon="17.370290">
				<ele>135.000000</ele>
			</trkpt>
			<trkpt lat="52.420950" lon="17.370320">
				<ele>136.000000</ele>
			</trkpt>
			<trkpt lat="52.420950" lon="17.370340">
				<ele>136.000000</ele>
			</trkpt>
			<trkpt lat="52.420960" lon="17.370370">
				<ele>136.000000</ele>
			</trkpt>
			<trkpt lat="52.420960" lon="17.370380">
				<ele>136.000000</ele>
			</trkpt>
			<trkpt lat="52.420960" lon="17.370391">
				<ele>136.000000</ele>
			</trkpt>
			<trkpt lat="52.420970" lon="17.370409">
				<ele>137.000000</ele>
			</trkpt>
			<trkpt lat="52.420970" lon="17.370429">
				<ele>137.000000</ele>
			</trkpt>
			<trkpt lat="52.420980" lon="17.370450">
				<ele>137.000000</ele>
			</trkpt>
			<trkpt lat="52.420980" lon="17.370470">
				<ele>137.000000</ele>
			</trkpt>
			<trkpt lat="52.421000" lon="17.370490">
				<ele>138.000000</ele>
			</trkpt>
			<trkpt lat="52.421000" lon="17.370501">
				<ele>138.000000</ele>
			</trkpt>
			<trkpt lat="52.421020" lon="17.370501">
				<ele>138.000000</ele>
			</trkpt>
			<trkpt lat="52.421030" lon="17.370501">
				<ele>138.000000</ele>
			</trkpt>
			<trkpt lat="52.421030" lon="17.370501">
				<ele>138.000000</ele>
			</trkpt>
			<trkpt lat="52.421040" lon="17.370480">
				<ele>138.000000</ele>
			</trkpt>
			<trkpt lat="52.421060" lon="17.370470">
				<ele>138.000000</ele>
			</trkpt>
			<trkpt lat="52.421070" lon="17.370460">
				<ele>138.000000</ele>
			</trkpt>
			<trkpt lat="52.421080" lon="17.370429">
				<ele>138.000000</ele>
			</trkpt>
			<trkpt lat="52.421100" lon="17.370420">
				<ele>138.000000</ele>
			</trkpt>
			<trkpt lat="52.421110" lon="17.370409">
				<ele>138.000000</ele>
			</trkpt>
			<trkpt lat="52.421130" lon="17.370391">
				<ele>138.000000</ele>
			</trkpt>
			<trkpt lat="52.421140" lon="17.370380">
				<ele>138.000000</ele>
			</trkpt>
			<trkpt lat="52.421150" lon="17.370380">
				<ele>138.000000</ele>
			</trkpt>
			<trkpt lat="52.421160" lon="17.370360">
				<ele>138.000000</ele>
			</trkpt>
			<trkpt lat="52.421170" lon="17.370350">
				<ele>138.000000</ele>
			</trkpt>
			<trkpt lat="52.421180" lon="17.370340">
				<ele>138.000000</ele>
			</trkpt>
			<trkpt lat="52.421190" lon="17.370340">
				<ele>138.000000</ele>
			</trkpt>
			<trkpt lat="52.421210" lon="17.370330">
				<ele>138.000000</ele>
			</trkpt>
			<trkpt lat="52.421220" lon="17.370310">
				<ele>138.000000</ele>
			</trkpt>
			<trkpt lat="52.421230" lon="17.370281">
				<ele>138.000000</ele>
			</trkpt>
			<trkpt lat="52.421240" lon="17.370261">
				<ele>138.000000</ele>
			</trkpt>
			<trkpt lat="52.421240" lon="17.370240">
				<ele>137.000000</ele>
			</trkpt>
			<trkpt lat="52.421250" lon="17.370230">
				<ele>137.000000</ele>
			</trkpt>
			<trkpt lat="52.421250" lon="17.370220">
				<ele>137.000000</ele>
			</trkpt>
			<trkpt lat="52.421260" lon="17.370200">
				<ele>137.000000</ele>
			</trkpt>
			<trkpt lat="52.421270" lon="17.370171">
				<ele>137.000000</ele>
			</trkpt>
			<trkpt lat="52.421280" lon="17.370151">
				<ele>137.000000</ele>
			</trkpt>
			<trkpt lat="52.421290" lon="17.370140">
				<ele>137.000000</ele>
			</trkpt>
			<trkpt lat="52.421300" lon="17.370130">
				<ele>137.000000</ele>
			</trkpt>
			<trkpt lat="52.421320" lon="17.370110">
				<ele>137.000000</ele>
			</trkpt>
			<trkpt lat="52.421330" lon="17.370090">
				<ele>137.000000</ele>
			</trkpt>
			<trkpt lat="52.421350" lon="17.370079">
				<ele>137.000000</ele>
			</trkpt>
			<trkpt lat="52.421350" lon="17.370059">
				<ele>137.000000</ele>
			</trkpt>
			<trkpt lat="52.421360" lon="17.370050">
				<ele>137.000000</ele>
			</trkpt>
			<trkpt lat="52.421370" lon="17.370050">
				<ele>137.000000</ele>
			</trkpt>
			<trkpt lat="52.421380" lon="17.370050">
				<ele>137.000000</ele>
			</trkpt>
			<trkpt lat="52.421390" lon="17.370059">
				<ele>137.000000</ele>
			</trkpt>
			<trkpt lat="52.421410" lon="17.370059">
				<ele>138.000000</ele>
			</trkpt>
			<trkpt lat="52.421430" lon="17.370059">
				<ele>138.000000</ele>
			</trkpt>
			<trkpt lat="52.421450" lon="17.370059">
				<ele>138.000000</ele>
			</trkpt>
			<trkpt lat="52.421460" lon="17.370059">
				<ele>138.000000</ele>
			</trkpt>
			<trkpt lat="52.421470" lon="17.370059">
				<ele>139.000000</ele>
			</trkpt>
			<trkpt lat="52.421480" lon="17.370059">
				<ele>139.000000</ele>
			</trkpt>
			<trkpt lat="52.421500" lon="17.370070">
				<ele>139.000000</ele>
			</trkpt>
			<trkpt lat="52.421510" lon="17.370070">
				<ele>139.000000</ele>
			</trkpt>
			<trkpt lat="52.421530" lon="17.370070">
				<ele>140.000000</ele>
			</trkpt>
			<trkpt lat="52.421540" lon="17.370050">
				<ele>140.000000</ele>
			</trkpt>
			<trkpt lat="52.421550" lon="17.370050">
				<ele>140.000000</ele>
			</trkpt>
			<trkpt lat="52.421560" lon="17.370050">
				<ele>140.000000</ele>
			</trkpt>
			<trkpt lat="52.421570" lon="17.370050">
				<ele>140.000000</ele>
			</trkpt>
			<trkpt lat="52.421590" lon="17.370041">
				<ele>141.000000</ele>
			</trkpt>
			<trkpt lat="52.421610" lon="17.370041">
				<ele>141.000000</ele>
			</trkpt>
			<trkpt lat="52.421620" lon="17.370041">
				<ele>141.000000</ele>
			</trkpt>
			<trkpt lat="52.421640" lon="17.370041">
				<ele>142.000000</ele>
			</trkpt>
			<trkpt lat="52.421650" lon="17.370030">
				<ele>142.000000</ele>
			</trkpt>
			<trkpt lat="52.421660" lon="17.370020">
				<ele>142.000000</ele>
			</trkpt>
			<trkpt lat="52.421670" lon="17.370020">
				<ele>142.000000</ele>
			</trkpt>
			<trkpt lat="52.421680" lon="17.370010">
				<ele>143.000000</ele>
			</trkpt>
			<trkpt lat="52.421910" lon="17.370171">
				<ele>146.000000</ele>
			</trkpt>
			<trkpt lat="52.421930" lon="17.370180">
				<ele>147.000000</ele>
			</trkpt>
			<trkpt lat="52.421950" lon="17.370200">
				<ele>147.000000</ele>
			</trkpt>
			<trkpt lat="52.421960" lon="17.370230">
				<ele>146.000000</ele>
			</trkpt>
			<trkpt lat="52.421970" lon="17.370250">
				<ele>146.000000</ele>
			</trkpt>
			<trkpt lat="52.421980" lon="17.370281">
				<ele>146.000000</ele>
			</trkpt>
			<trkpt lat="52.421990" lon="17.370299">
				<ele>146.000000</ele>
			</trkpt>
			<trkpt lat="52.422000" lon="17.370310">
				<ele>145.000000</ele>
			</trkpt>
			<trkpt lat="52.422000" lon="17.370330">
				<ele>145.000000</ele>
			</trkpt>
			<trkpt lat="52.422000" lon="17.370340">
				<ele>145.000000</ele>
			</trkpt>
			<trkpt lat="52.422000" lon="17.370360">
				<ele>145.000000</ele>
			</trkpt>
			<trkpt lat="52.422330" lon="17.370710">
				<ele>141.000000</ele>
			</trkpt>
			<trkpt lat="52.422350" lon="17.370730">
				<ele>141.000000</ele>
			</trkpt>
			<trkpt lat="52.422360" lon="17.370741">
				<ele>141.000000</ele>
			</trkpt>
			<trkpt lat="52.422370" lon="17.370750">
				<ele>142.000000</ele>
			</trkpt>
			<trkpt lat="52.422390" lon="17.370759">
				<ele>142.000000</ele>
			</trkpt>
			<trkpt lat="52.422400" lon="17.370770">
				<ele>142.000000</ele>
			</trkpt>
			<trkpt lat="52.422410" lon="17.370780">
				<ele>142.000000</ele>
			</trkpt>
			<trkpt lat="52.422420" lon="17.370800">
				<ele>142.000000</ele>
			</trkpt>
			<trkpt lat="52.422430" lon="17.370820">
				<ele>143.000000</ele>
			</trkpt>
			<trkpt lat="52.422440" lon="17.370830">
				<ele>143.000000</ele>
			</trkpt>
			<trkpt lat="52.422450" lon="17.370851">
				<ele>143.000000</ele>
			</trkpt>
			<trkpt lat="52.422460" lon="17.370860">
				<ele>143.000000</ele>
			</trkpt>
			<trkpt lat="52.422460" lon="17.370880">
				<ele>143.000000</ele>
			</trkpt>
			<trkpt lat="52.422480" lon="17.370889">
				<ele>143.000000</ele>
			</trkpt>
			<trkpt lat="52.422490" lon="17.370910">
				<ele>143.000000</ele>
			</trkpt>
			<trkpt lat="52.422500" lon="17.370940">
				<ele>143.000000</ele>
			</trkpt>
			<trkpt lat="52.422520" lon="17.370950">
				<ele>142.000000</ele>
			</trkpt>
			<trkpt lat="52.422530" lon="17.370961">
				<ele>142.000000</ele>
			</trkpt>
			<trkpt lat="52.422550" lon="17.370970">
				<ele>141.000000</ele>
			</trkpt>
			<trkpt lat="52.422560" lon="17.370970">
				<ele>141.000000</ele>
			</trkpt>
			<trkpt lat="52.422570" lon="17.370979">
				<ele>141.000000</ele>
			</trkpt>
			<trkpt lat="52.422580" lon="17.370979">
				<ele>141.000000</ele>
			</trkpt>
			<trkpt lat="52.422590" lon="17.370979">
				<ele>141.000000</ele>
			</trkpt>
			<trkpt lat="52.422610" lon="17.370990">
				<ele>140.000000</ele>
			</trkpt>
			<trkpt lat="52.422620" lon="17.370990">
				<ele>140.000000</ele>
			</trkpt>
			<trkpt lat="52.422620" lon="17.370990">
				<ele>140.000000</ele>
			</trkpt>
			<trkpt lat="52.422730" lon="17.371130">
				<ele>139.000000</ele>
			</trkpt>
			<trkpt lat="52.422740" lon="17.371140">
				<ele>139.000000</ele>
			</trkpt>
			<trkpt lat="52.422750" lon="17.371160">
				<ele>139.000000</ele>
			</trkpt>
			<trkpt lat="52.422750" lon="17.371170">
				<ele>139.000000</ele>
			</trkpt>
			<trkpt lat="52.422750" lon="17.371170">
				<ele>139.000000</ele>
			</trkpt>
			<trkpt lat="52.424400" lon="17.372451">
				<ele>130.000000</ele>
			</trkpt>
			<trkpt lat="52.424400" lon="17.372420">
				<ele>130.000000</ele>
			</trkpt>
			<trkpt lat="52.424400" lon="17.372390">
				<ele>130.000000</ele>
			</trkpt>
			<trkpt lat="52.424400" lon="17.372370">
				<ele>130.000000</ele>
			</trkpt>
			<trkpt lat="52.424410" lon="17.372350">
				<ele>130.000000</ele>
			</trkpt>
			<trkpt lat="52.424410" lon="17.372330">
				<ele>130.000000</ele>
			</trkpt>
			<trkpt lat="52.424410" lon="17.372310">
				<ele>129.000000</ele>
			</trkpt>
			<trkpt lat="52.424410" lon="17.372290">
				<ele>129.000000</ele>
			</trkpt>
			<trkpt lat="52.424410" lon="17.372290">
				<ele>129.000000</ele>
			</trkpt>
			<trkpt lat="52.424410" lon="17.372290">
				<ele>129.000000</ele>
			</trkpt>
			<trkpt lat="52.425100" lon="17.372410">
				<ele>129.000000</ele>
			</trkpt>
			<trkpt lat="52.425110" lon="17.372390">
				<ele>129.000000</ele>
			</trkpt>
			<trkpt lat="52.425120" lon="17.372370">
				<ele>130.000000</ele>
			</trkpt>
			<trkpt lat="52.425130" lon="17.372359">
				<ele>130.000000</ele>
			</trkpt>
			<trkpt lat="52.425130" lon="17.372350">
				<ele>130.000000</ele>
			</trkpt>
			<trkpt lat="52.425190" lon="17.372260">
				<ele>132.000000</ele>
			</trkpt>
			<trkpt lat="52.425210" lon="17.372249">
				<ele>132.000000</ele>
			</trkpt>
			<trkpt lat="52.425220" lon="17.372240">
				<ele>132.000000</ele>
			</trkpt>
			<trkpt lat="52.425240" lon="17.372220">
				<ele>132.000000</ele>
			</trkpt>
			<trkpt lat="52.425250" lon="17.372190">
				<ele>133.000000</ele>
			</trkpt>
			<trkpt lat="52.425260" lon="17.372160">
				<ele>133.000000</ele>
			</trkpt>
			<trkpt lat="52.425270" lon="17.372121">
				<ele>134.000000</ele>
			</trkpt>
			<trkpt lat="52.425270" lon="17.372080">
				<ele>135.000000</ele>
			</trkpt>
			<trkpt lat="52.425280" lon="17.372040">
				<ele>135.000000</ele>
			</trkpt>
			<trkpt lat="52.425280" lon="17.372000">
				<ele>136.000000</ele>
			</trkpt>
			<trkpt lat="52.425280" lon="17.371980">
				<ele>136.000000</ele>
			</trkpt>
			<trkpt lat="52.425280" lon="17.371950">
				<ele>136.000000</ele>
			</trkpt>
			<trkpt lat="52.425290" lon="17.371930">
				<ele>136.000000</ele>
			</trkpt>
			<trkpt lat="52.425290" lon="17.371899">
				<ele>136.000000</ele>
			</trkpt>
			<trkpt lat="52.425290" lon="17.371870">
				<ele>136.000000</ele>
			</trkpt>
			<trkpt lat="52.425290" lon="17.371840">
				<ele>136.000000</ele>
			</trkpt>
			<trkpt lat="52.425290" lon="17.371800">
				<ele>136.000000</ele>
			</trkpt>
			<trkpt lat="52.425290" lon="17.371760">
				<ele>136.000000</ele>
			</trkpt>
			<trkpt lat="52.425300" lon="17.371730">
				<ele>136.000000</ele>
			</trkpt>
			<trkpt lat="52.425290" lon="17.371700">
				<ele>136.000000</ele>
			</trkpt>
			<trkpt lat="52.425280" lon="17.371670">
				<ele>136.000000</ele>
			</trkpt>
			<trkpt lat="52.425280" lon="17.371630">
				<ele>136.000000</ele>
			</trkpt>
			<trkpt lat="52.425270" lon="17.371590">
				<ele>136.000000</ele>
			</trkpt>
			<trkpt lat="52.425270" lon="17.371551">
				<ele>136.000000</ele>
			</trkpt>
			<trkpt lat="52.425260" lon="17.371510">
				<ele>136.000000</ele>
			</trkpt>
			<trkpt lat="52.425250" lon="17.371480">
				<ele>136.000000</ele>
			</trkpt>
			<trkpt lat="52.425240" lon="17.371439">
				<ele>136.000000</ele>
			</trkpt>
			<trkpt lat="52.425230" lon="17.371390">
				<ele>136.000000</ele>
			</trkpt>
			<trkpt lat="52.425240" lon="17.371329">
				<ele>136.000000</ele>
			</trkpt>
			<trkpt lat="52.425240" lon="17.371280">
				<ele>136.000000</ele>
			</trkpt>
			<trkpt lat="52.425240" lon="17.371219">
				<ele>135.000000</ele>
			</trkpt>
			<trkpt lat="52.425250" lon="17.371170">
				<ele>135.000000</ele>
			</trkpt>
			<trkpt lat="52.425240" lon="17.371109">
				<ele>135.000000</ele>
			</trkpt>
			<trkpt lat="52.425240" lon="17.371060">
				<ele>134.000000</ele>
			</trkpt>
			<trkpt lat="52.425230" lon="17.371010">
				<ele>134.000000</ele>
			</trkpt>
			<trkpt lat="52.425230" lon="17.370979">
				<ele>133.000000</ele>
			</trkpt>
			<trkpt lat="52.425210" lon="17.370940">
				<ele>133.000000</ele>
			</trkpt>
			<trkpt lat="52.425200" lon="17.370900">
				<ele>132.000000</ele>
			</trkpt>
			<trkpt lat="52.425180" lon="17.370860">
				<ele>131.000000</ele>
			</trkpt>
			<trkpt lat="52.425160" lon="17.370840">
				<ele>131.000000</ele>
			</trkpt>
			<trkpt lat="52.425150" lon="17.370820">
				<ele>131.000000</ele>
			</trkpt>
			<trkpt lat="52.425140" lon="17.370800">
				<ele>131.000000</ele>
			</trkpt>
			<trkpt lat="52.425120" lon="17.370770">
				<ele>131.000000</ele>
			</trkpt>
			<trkpt lat="52.425100" lon="17.370741">
				<ele>130.000000</ele>
			</trkpt>
			<trkpt lat="52.425090" lon="17.370710">
				<ele>130.000000</ele>
			</trkpt>
			<trkpt lat="52.425080" lon="17.370670">
				<ele>130.000000</ele>
			</trkpt>
			<trkpt lat="52.425070" lon="17.370620">
				<ele>129.000000</ele>
			</trkpt>
			<trkpt lat="52.425050" lon="17.370580">
				<ele>129.000000</ele>
			</trkpt>
			<trkpt lat="52.425020" lon="17.370550">
				<ele>129.000000</ele>
			</trkpt>
			<trkpt lat="52.425010" lon="17.370501">
				<ele>129.000000</ele>
			</trkpt>
			<trkpt lat="52.425020" lon="17.370450">
				<ele>129.000000</ele>
			</trkpt>
			<trkpt lat="52.425020" lon="17.370409">
				<ele>129.000000</ele>
			</trkpt>
			<trkpt lat="52.425040" lon="17.370380">
				<ele>129.000000</ele>
			</trkpt>
			<trkpt lat="52.425060" lon="17.370360">
				<ele>129.000000</ele>
			</trkpt>
			<trkpt lat="52.425080" lon="17.370330">
				<ele>130.000000</ele>
			</trkpt>
			<trkpt lat="52.425100" lon="17.370320">
				<ele>130.000000</ele>
			</trkpt>
			<trkpt lat="52.425120" lon="17.370310">
				<ele>130.000000</ele>
			</trkpt>
			<trkpt lat="52.425130" lon="17.370299">
				<ele>130.000000</ele>
			</trkpt>
			<trkpt lat="52.425160" lon="17.370299">
				<ele>130.000000</ele>
			</trkpt>
			<trkpt lat="52.425180" lon="17.370299">
				<ele>130.000000</ele>
			</trkpt>
			<trkpt lat="52.425200" lon="17.370290">
				<ele>130.000000</ele>
			</trkpt>
			<trkpt lat="52.425230" lon="17.370290">
				<ele>130.000000</ele>
			</trkpt>
			<trkpt lat="52.425270" lon="17.370299">
				<ele>130.000000</ele>
			</trkpt>
			<trkpt lat="52.425290" lon="17.370310">
				<ele>131.000000</ele>
			</trkpt>
			<trkpt lat="52.425320" lon="17.370320">
				<ele>131.000000</ele>
			</trkpt>
			<trkpt lat="52.425350" lon="17.370340">
				<ele>131.000000</ele>
			</trkpt>
			<trkpt lat="52.425380" lon="17.370360">
				<ele>131.000000</ele>
			</trkpt>
			<trkpt lat="52.425410" lon="17.370370">
				<ele>131.000000</ele>
			</trkpt>
			<trkpt lat="52.425450" lon="17.370370">
				<ele>132.000000</ele>
			</trkpt>
			<trkpt lat="52.425490" lon="17.370360">
				<ele>132.000000</ele>
			</trkpt>
			<trkpt lat="52.425520" lon="17.370350">
				<ele>132.000000</ele>
			</trkpt>
			<trkpt lat="52.425560" lon="17.370320">
				<ele>132.000000</ele>
			</trkpt>
			<trkpt lat="52.425590" lon="17.370310">
				<ele>133.000000</ele>
			</trkpt>
			<trkpt lat="52.425620" lon="17.370299">
				<ele>135.000000</ele>
			</trkpt>
			<trkpt lat="52.425660" lon="17.370299">
				<ele>136.000000</ele>
			</trkpt>
			<trkpt lat="52.425700" lon="17.370310">
				<ele>138.000000</ele>
			</trkpt>
			<trkpt lat="52.425740" lon="17.370310">
				<ele>140.000000</ele>
			</trkpt>
			<trkpt lat="52.425770" lon="17.370310">
				<ele>142.000000</ele>
			</trkpt>
			<trkpt lat="52.425800" lon="17.370320">
				<ele>143.000000</ele>
			</trkpt>
			<trkpt lat="52.425820" lon="17.370340">
				<ele>144.000000</ele>
			</trkpt>
			<trkpt lat="52.425850" lon="17.370370">
				<ele>144.000000</ele>
			</trkpt>
			<trkpt lat="52.425880" lon="17.370409">
				<ele>145.000000</ele>
			</trkpt>
			<trkpt lat="52.425910" lon="17.370460">
				<ele>145.000000</ele>
			</trkpt>
			<trkpt lat="52.425940" lon="17.370480">
				<ele>145.000000</ele>
			</trkpt>
			<trkpt lat="52.425970" lon="17.370510">
				<ele>144.000000</ele>
			</trkpt>
			<trkpt lat="52.426000" lon="17.370539">
				<ele>144.000000</ele>
			</trkpt>
			<trkpt lat="52.426030" lon="17.370580">
				<ele>144.000000</ele>
			</trkpt>
			<trkpt lat="52.426070" lon="17.370620">
				<ele>143.000000</ele>
			</trkpt>
			<trkpt lat="52.426090" lon="17.370649">
				<ele>143.000000</ele>
			</trkpt>
			<trkpt lat="52.426120" lon="17.370700">
				<ele>142.000000</ele>
			</trkpt>
			<trkpt lat="52.426150" lon="17.370730">
				<ele>141.000000</ele>
			</trkpt>
			<trkpt lat="52.426180" lon="17.370750">
				<ele>141.000000</ele>
			</trkpt>
			<trkpt lat="52.426200" lon="17.370800">
				<ele>140.000000</ele>
			</trkpt>
			<trkpt lat="52.426220" lon="17.370860">
				<ele>139.000000</ele>
			</trkpt>
			<trkpt lat="52.426250" lon="17.370910">
				<ele>138.000000</ele>
			</trkpt>
			<trkpt lat="52.426290" lon="17.370950">
				<ele>138.000000</ele>
			</trkpt>
			<trkpt lat="52.426320" lon="17.370999">
				<ele>137.000000</ele>
			</trkpt>
			<trkpt lat="52.426340" lon="17.371050">
				<ele>136.000000</ele>
			</trkpt>
			<trkpt lat="52.426370" lon="17.371100">
				<ele>136.000000</ele>
			</trkpt>
			<trkpt lat="52.426390" lon="17.371140">
				<ele>135.000000</ele>
			</trkpt>
			<trkpt lat="52.426410" lon="17.371181">
				<ele>136.000000</ele>
			</trkpt>
			<trkpt lat="52.426440" lon="17.371219">
				<ele>136.000000</ele>
			</trkpt>
			<trkpt lat="52.426460" lon="17.371270">
				<ele>136.000000</ele>
			</trkpt>
			<trkpt lat="52.426480" lon="17.371311">
				<ele>136.000000</ele>
			</trkpt>
			<trkpt lat="52.426510" lon="17.371360">
				<ele>136.000000</ele>
			</trkpt>
			<trkpt lat="52.426540" lon="17.371421">
				<ele>135.000000</ele>
			</trkpt>
			<trkpt lat="52.426560" lon="17.371490">
				<ele>135.000000</ele>
			</trkpt>
			<trkpt lat="52.426570" lon="17.371551">
				<ele>134.000000</ele>
			</trkpt>
			<trkpt lat="52.426590" lon="17.371620">
				<ele>133.000000</ele>
			</trkpt>
			<trkpt lat="52.426610" lon="17.371679">
				<ele>133.000000</ele>
			</trkpt>
			<trkpt lat="52.426620" lon="17.371750">
				<ele>133.000000</ele>
			</trkpt>
			<trkpt lat="52.426640" lon="17.371809">
				<ele>133.000000</ele>
			</trkpt>
			<trkpt lat="52.426650" lon="17.371870">
				<ele>133.000000</ele>
			</trkpt>
			<trkpt lat="52.426660" lon="17.371930">
				<ele>133.000000</ele>
			</trkpt>
			<trkpt lat="52.426680" lon="17.371980">
				<ele>132.000000</ele>
			</trkpt>
			<trkpt lat="52.426690" lon="17.372050">
				<ele>132.000000</ele>
			</trkpt>
			<trkpt lat="52.426690" lon="17.372101">
				<ele>133.000000</ele>
			</trkpt>
			<trkpt lat="52.426700" lon="17.372139">
				<ele>133.000000</ele>
			</trkpt>
			<trkpt lat="52.426710" lon="17.372180">
				<ele>133.000000</ele>
			</trkpt>
			<trkpt lat="52.426730" lon="17.372220">
				<ele>132.000000</ele>
			</trkpt>
			<trkpt lat="52.426750" lon="17.372280">
				<ele>132.000000</ele>
			</trkpt>
			<trkpt lat="52.426770" lon="17.372330">
				<ele>132.000000</ele>
			</trkpt>
			<trkpt lat="52.426790" lon="17.372390">
				<ele>132.000000</ele>
			</trkpt>
			<trkpt lat="52.426810" lon="17.372451">
				<ele>133.000000</ele>
			</trkpt>
			<trkpt lat="52.426830" lon="17.372520">
				<ele>133.000000</ele>
			</trkpt>
			<trkpt lat="52.426860" lon="17.372590">
				<ele>133.000000</ele>
			</trkpt>
			<trkpt lat="52.426880" lon="17.372660">
				<ele>133.000000</ele>
			</trkpt>
			<trkpt lat="52.426900" lon="17.372720">
				<ele>134.000000</ele>
			</trkpt>
			<trkpt lat="52.426920" lon="17.372780">
				<ele>134.000000</ele>
			</trkpt>
			<trkpt lat="52.426950" lon="17.372839">
				<ele>133.000000</ele>
			</trkpt>
			<trkpt lat="52.426980" lon="17.372890">
				<ele>133.000000</ele>
			</trkpt>
			<trkpt lat="52.427000" lon="17.372940">
				<ele>132.000000</ele>
			</trkpt>
			<trkpt lat="52.427010" lon="17.372990">
				<ele>132.000000</ele>
			</trkpt>
			<trkpt lat="52.427030" lon="17.373041">
				<ele>132.000000</ele>
			</trkpt>
			<trkpt lat="52.427050" lon="17.373090">
				<ele>131.000000</ele>
			</trkpt>
			<trkpt lat="52.427080" lon="17.373140">
				<ele>130.000000</ele>
			</trkpt>
			<trkpt lat="52.427090" lon="17.373200">
				<ele>129.000000</ele>
			</trkpt>
			<trkpt lat="52.427110" lon="17.373270">
				<ele>128.000000</ele>
			</trkpt>
			<trkpt lat="52.427120" lon="17.373320">
				<ele>127.000000</ele>
			</trkpt>
			<trkpt lat="52.427130" lon="17.373380">
				<ele>126.000000</ele>
			</trkpt>
			<trkpt lat="52.427140" lon="17.373409">
				<ele>126.000000</ele>
			</trkpt>
			<trkpt lat="52.427170" lon="17.373440">
				<ele>125.000000</ele>
			</trkpt>
			<trkpt lat="52.427200" lon="17.373470">
				<ele>124.000000</ele>
			</trkpt>
			<trkpt lat="52.427220" lon="17.373510">
				<ele>124.000000</ele>
			</trkpt>
			<trkpt lat="52.427250" lon="17.373550">
				<ele>124.000000</ele>
			</trkpt>
			<trkpt lat="52.427270" lon="17.373580">
				<ele>124.000000</ele>
			</trkpt>
			<trkpt lat="52.427300" lon="17.373600">
				<ele>124.000000</ele>
			</trkpt>
			<trkpt lat="52.427340" lon="17.373629">
				<ele>123.000000</ele>
			</trkpt>
			<trkpt lat="52.427380" lon="17.373649">
				<ele>123.000000</ele>
			</trkpt>
			<trkpt lat="52.427420" lon="17.373660">
				<ele>123.000000</ele>
			</trkpt>
			<trkpt lat="52.427460" lon="17.373670">
				<ele>123.000000</ele>
			</trkpt>
			<trkpt lat="52.427500" lon="17.373680">
				<ele>124.000000</ele>
			</trkpt>
			<trkpt lat="52.427540" lon="17.373680">
				<ele>123.000000</ele>
			</trkpt>
			<trkpt lat="52.427580" lon="17.373690">
				<ele>123.000000</ele>
			</trkpt>
			<trkpt lat="52.427610" lon="17.373700">
				<ele>123.000000</ele>
			</trkpt>
			<trkpt lat="52.427650" lon="17.373721">
				<ele>123.000000</ele>
			</trkpt>
			<trkpt lat="52.427690" lon="17.373739">
				<ele>123.000000</ele>
			</trkpt>
			<trkpt lat="52.427720" lon="17.373759">
				<ele>124.000000</ele>
			</trkpt>
			<trkpt lat="52.427750" lon="17.373780">
				<ele>124.000000</ele>
			</trkpt>
			<trkpt lat="52.427780" lon="17.373800">
				<ele>124.000000</ele>
			</trkpt>
			<trkpt lat="52.427800" lon="17.373810">
				<ele>124.000000</ele>
			</trkpt>
			<trkpt lat="52.427820" lon="17.373820">
				<ele>124.000000</ele>
			</trkpt>
			<trkpt lat="52.427840" lon="17.373840">
				<ele>124.000000</ele>
			</trkpt>
			<trkpt lat="52.427860" lon="17.373860">
				<ele>125.000000</ele>
			</trkpt>
			<trkpt lat="52.427880" lon="17.373880">
				<ele>125.000000</ele>
			</trkpt>
			<trkpt lat="52.427900" lon="17.373890">
				<ele>125.000000</ele>
			</trkpt>
			<trkpt lat="52.427920" lon="17.373890">
				<ele>125.000000</ele>
			</trkpt>
			<trkpt lat="52.427930" lon="17.373900">
				<ele>125.000000</ele>
			</trkpt>
			<trkpt lat="52.427950" lon="17.373920">
				<ele>125.000000</ele>
			</trkpt>
			<trkpt lat="52.427970" lon="17.373930">
				<ele>125.000000</ele>
			</trkpt>
			<trkpt lat="52.427990" lon="17.373940">
				<ele>125.000000</ele>
			</trkpt>
			<trkpt lat="52.428010" lon="17.373950">
				<ele>126.000000</ele>
			</trkpt>
			<trkpt lat="52.428030" lon="17.373970">
				<ele>126.000000</ele>
			</trkpt>
			<trkpt lat="52.428050" lon="17.374000">
				<ele>126.000000</ele>
			</trkpt>
			<trkpt lat="52.428060" lon="17.374030">
				<ele>126.000000</ele>
			</trkpt>
			<trkpt lat="52.428080" lon="17.374071">
				<ele>126.000000</ele>
			</trkpt>
			<trkpt lat="52.428090" lon="17.374109">
				<ele>126.000000</ele>
			</trkpt>
			<trkpt lat="52.428090" lon="17.374150">
				<ele>126.000000</ele>
			</trkpt>
			<trkpt lat="52.428100" lon="17.374199">
				<ele>126.000000</ele>
			</trkpt>
			<trkpt lat="52.428120" lon="17.374260">
				<ele>125.000000</ele>
			</trkpt>
			<trkpt lat="52.428140" lon="17.374300">
				<ele>125.000000</ele>
			</trkpt>
			<trkpt lat="52.428160" lon="17.374329">
				<ele>124.000000</ele>
			</trkpt>
			<trkpt lat="52.428180" lon="17.374329">
				<ele>124.000000</ele>
			</trkpt>
			<trkpt lat="52.428200" lon="17.374311">
				<ele>124.000000</ele>
			</trkpt>
			<trkpt lat="52.428210" lon="17.374300">
				<ele>124.000000</ele>
			</trkpt>
			<trkpt lat="52.428230" lon="17.374280">
				<ele>123.000000</ele>
			</trkpt>
			<trkpt lat="52.428250" lon="17.374260">
				<ele>123.000000</ele>
			</trkpt>
			<trkpt lat="52.428270" lon="17.374230">
				<ele>123.000000</ele>
			</trkpt>
			<trkpt lat="52.428290" lon="17.374210">
				<ele>122.000000</ele>
			</trkpt>
			<trkpt lat="52.428310" lon="17.374199">
				<ele>122.000000</ele>
			</trkpt>
			<trkpt lat="52.428330" lon="17.374181">
				<ele>122.000000</ele>
			</trkpt>
			<trkpt lat="52.428350" lon="17.374160">
				<ele>121.000000</ele>
			</trkpt>
			<trkpt lat="52.428370" lon="17.374140">
				<ele>120.000000</ele>
			</trkpt>
			<trkpt lat="52.428380" lon="17.374120">
				<ele>120.000000</ele>
			</trkpt>
			<trkpt lat="52.428400" lon="17.374100">
				<ele>120.000000</ele>
			</trkpt>
			<trkpt lat="52.428420" lon="17.374080">
				<ele>119.000000</ele>
			</trkpt>
			<trkpt lat="52.428440" lon="17.374050">
				<ele>119.000000</ele>
			</trkpt>
			<trkpt lat="52.428460" lon="17.374020">
				<ele>118.000000</ele>
			</trkpt>
			<trkpt lat="52.428480" lon="17.373990">
				<ele>118.000000</ele>
			</trkpt>
			<trkpt lat="52.428500" lon="17.373961">
				<ele>118.000000</ele>
			</trkpt>
			<trkpt lat="52.428520" lon="17.373940">
				<ele>118.000000</ele>
			</trkpt>
			<trkpt lat="52.428540" lon="17.373920">
				<ele>117.000000</ele>
			</trkpt>
			<trkpt lat="52.428550" lon="17.373890">
				<ele>117.000000</ele>
			</trkpt>
			<trkpt lat="52.428570" lon="17.373880">
				<ele>117.000000</ele>
			</trkpt>
			<trkpt lat="52.428590" lon="17.373851">
				<ele>117.000000</ele>
			</trkpt>
			<trkpt lat="52.428610" lon="17.373831">
				<ele>117.000000</ele>
			</trkpt>
			<trkpt lat="52.428620" lon="17.373810">
				<ele>117.000000</ele>
			</trkpt>
			<trkpt lat="52.428640" lon="17.373780">
				<ele>117.000000</ele>
			</trkpt>
			<trkpt lat="52.428660" lon="17.373750">
				<ele>117.000000</ele>
			</trkpt>
			<trkpt lat="52.428680" lon="17.373739">
				<ele>117.000000</ele>
			</trkpt>
			<trkpt lat="52.428700" lon="17.373721">
				<ele>117.000000</ele>
			</trkpt>
			<trkpt lat="52.428710" lon="17.373700">
				<ele>117.000000</ele>
			</trkpt>
			<trkpt lat="52.428720" lon="17.373680">
				<ele>117.000000</ele>
			</trkpt>
			<trkpt lat="52.428730" lon="17.373670">
				<ele>117.000000</ele>
			</trkpt>
			<trkpt lat="52.428740" lon="17.373670">
				<ele>117.000000</ele>
			</trkpt>
			<trkpt lat="52.428740" lon="17.373670">
				<ele>117.000000</ele>
			</trkpt>
			<trkpt lat="52.428880" lon="17.373490">
				<ele>116.000000</ele>
			</trkpt>
			<trkpt lat="52.428900" lon="17.373470">
				<ele>116.000000</ele>
			</trkpt>
			<trkpt lat="52.428910" lon="17.373440">
				<ele>117.000000</ele>
			</trkpt>
			<trkpt lat="52.428930" lon="17.373420">
				<ele>117.000000</ele>
			</trkpt>
			<trkpt lat="52.428950" lon="17.373409">
				<ele>117.000000</ele>
			</trkpt>
			<trkpt lat="52.428960" lon="17.373391">
				<ele>117.000000</ele>
			</trkpt>
			<trkpt lat="52.428980" lon="17.373371">
				<ele>117.000000</ele>
			</trkpt>
			<trkpt lat="52.429000" lon="17.373340">
				<ele>118.000000</ele>
			</trkpt>
			<trkpt lat="52.429010" lon="17.373320">
				<ele>118.000000</ele>
			</trkpt>
			<trkpt lat="52.429020" lon="17.373299">
				<ele>118.000000</ele>
			</trkpt>
			<trkpt lat="52.429040" lon="17.373279">
				<ele>118.000000</ele>
			</trkpt>
			<trkpt lat="52.429050" lon="17.373261">
				<ele>118.000000</ele>
			</trkpt>
			<trkpt lat="52.429070" lon="17.373240">
				<ele>118.000000</ele>
			</trkpt>
			<trkpt lat="52.429080" lon="17.373220">
				<ele>118.000000</ele>
			</trkpt>
			<trkpt lat="52.429100" lon="17.373200">
				<ele>118.000000</ele>
			</trkpt>
			<trkpt lat="52.429110" lon="17.373180">
				<ele>118.000000</ele>
			</trkpt>
			<trkpt lat="52.429120" lon="17.373169">
				<ele>118.000000</ele>
			</trkpt>
			<trkpt lat="52.429130" lon="17.373160">
				<ele>118.000000</ele>
			</trkpt>
			<trkpt lat="52.429140" lon="17.373151">
				<ele>117.000000</ele>
			</trkpt>
			<trkpt lat="52.429140" lon="17.373140">
				<ele>118.000000</ele>
			</trkpt>
			<trkpt lat="52.429140" lon="17.373140">
				<ele>118.000000</ele>
			</trkpt>
			<trkpt lat="52.429250" lon="17.373041">
				<ele>117.000000</ele>
			</trkpt>
			<trkpt lat="52.429260" lon="17.373020">
				<ele>117.000000</ele>
			</trkpt>
			<trkpt lat="52.429280" lon="17.372990">
				<ele>117.000000</ele>
			</trkpt>
			<trkpt lat="52.429300" lon="17.372960">
				<ele>117.000000</ele>
			</trkpt>
			<trkpt lat="52.429330" lon="17.372931">
				<ele>117.000000</ele>
			</trkpt>
			<trkpt lat="52.429350" lon="17.372911">
				<ele>117.000000</ele>
			</trkpt>
			<trkpt lat="52.429370" lon="17.372880">
				<ele>117.000000</ele>
			</trkpt>
			<trkpt lat="52.429390" lon="17.372850">
				<ele>117.000000</ele>
			</trkpt>
			<trkpt lat="52.429410" lon="17.372819">
				<ele>117.000000</ele>
			</trkpt>
			<trkpt lat="52.429430" lon="17.372801">
				<ele>117.000000</ele>
			</trkpt>
			<trkpt lat="52.429450" lon="17.372770">
				<ele>118.000000</ele>
			</trkpt>
			<trkpt lat="52.429460" lon="17.372750">
				<ele>118.000000</ele>
			</trkpt>
			<trkpt lat="52.429480" lon="17.372729">
				<ele>119.000000</ele>
			</trkpt>
			<trkpt lat="52.429500" lon="17.372709">
				<ele>120.000000</ele>
			</trkpt>
			<trkpt lat="52.429520" lon="17.372700">
				<ele>121.000000</ele>
			</trkpt>
			<trkpt lat="52.429530" lon="17.372670">
				<ele>122.000000</ele>
			</trkpt>
			<trkpt lat="52.429540" lon="17.372640">
				<ele>122.000000</ele>
			</trkpt>
			<trkpt lat="52.429540" lon="17.372620">
				<ele>122.000000</ele>
			</trkpt>
			<trkpt lat="52.429530" lon="17.372599">
				<ele>122.000000</ele>
			</trkpt>
			<trkpt lat="52.429520" lon="17.372581">
				<ele>122.000000</ele>
			</trkpt>
			<trkpt lat="52.429510" lon="17.372561">
				<ele>122.000000</ele>
			</trkpt>
			<trkpt lat="52.429500" lon="17.372530">
				<ele>121.000000</ele>
			</trkpt>
			<trkpt lat="52.429490" lon="17.372500">
				<ele>121.000000</ele>
			</trkpt>
			<trkpt lat="52.429480" lon="17.372471">
				<ele>121.000000</ele>
			</trkpt>
			<trkpt lat="52.429470" lon="17.372430">
				<ele>121.000000</ele>
			</trkpt>
			<trkpt lat="52.429460" lon="17.372390">
				<ele>121.000000</ele>
			</trkpt>
			<trkpt lat="52.429440" lon="17.372350">
				<ele>121.000000</ele>
			</trkpt>
			<trkpt lat="52.429430" lon="17.372310">
				<ele>121.000000</ele>
			</trkpt>
			<trkpt lat="52.429420" lon="17.372269">
				<ele>121.000000</ele>
			</trkpt>
			<trkpt lat="52.429400" lon="17.372249">
				<ele>121.000000</ele>
			</trkpt>
			<trkpt lat="52.429390" lon="17.372200">
				<ele>121.000000</ele>
			</trkpt>
			<trkpt lat="52.429380" lon="17.372160">
				<ele>121.000000</ele>
			</trkpt>
			<trkpt lat="52.429360" lon="17.372121">
				<ele>121.000000</ele>
			</trkpt>
			<trkpt lat="52.429350" lon="17.372080">
				<ele>120.000000</ele>
			</trkpt>
			<trkpt lat="52.429340" lon="17.372040">
				<ele>120.000000</ele>
			</trkpt>
			<trkpt lat="52.429320" lon="17.372000">
				<ele>120.000000</ele>
			</trkpt>
			<trkpt lat="52.429300" lon="17.371970">
				<ele>119.000000</ele>
			</trkpt>
			<trkpt lat="52.429280" lon="17.371940">
				<ele>118.000000</ele>
			</trkpt>
			<trkpt lat="52.429270" lon="17.371899">
				<ele>118.000000</ele>
			</trkpt>
			<trkpt lat="52.429260" lon="17.371860">
				<ele>117.000000</ele>
			</trkpt>
			<trkpt lat="52.429260" lon="17.371820">
				<ele>117.000000</ele>
			</trkpt>
			<trkpt lat="52.429260" lon="17.371789">
				<ele>117.000000</ele>
			</trkpt>
			<trkpt lat="52.429270" lon="17.371750">
				<ele>116.000000</ele>
			</trkpt>
			<trkpt lat="52.429270" lon="17.371720">
				<ele>116.000000</ele>
			</trkpt>
			<trkpt lat="52.429280" lon="17.371700">
				<ele>116.000000</ele>
			</trkpt>
			<trkpt lat="52.429280" lon="17.371679">
				<ele>116.000000</ele>
			</trkpt>
			<trkpt lat="52.429280" lon="17.371661">
				<ele>115.000000</ele>
			</trkpt>
			<trkpt lat="52.429290" lon="17.371650">
				<ele>116.000000</ele>
			</trkpt>
			<trkpt lat="52.429290" lon="17.371650">
				<ele>116.000000</ele>
			</trkpt>
			<trkpt lat="52.429300" lon="17.371641">
				<ele>116.000000</ele>
			</trkpt>
			<trkpt lat="52.429300" lon="17.371630">
				<ele>116.000000</ele>
			</trkpt>
			<trkpt lat="52.429300" lon="17.371641">
				<ele>116.000000</ele>
			</trkpt>
			<trkpt lat="52.429360" lon="17.371510">
				<ele>116.000000</ele>
			</trkpt>
			<trkpt lat="52.429380" lon="17.371500">
				<ele>116.000000</ele>
			</trkpt>
			<trkpt lat="52.429390" lon="17.371470">
				<ele>116.000000</ele>
			</trkpt>
			<trkpt lat="52.429410" lon="17.371439">
				<ele>116.000000</ele>
			</trkpt>
			<trkpt lat="52.429430" lon="17.371421">
				<ele>116.000000</ele>
			</trkpt>
			<trkpt lat="52.429440" lon="17.371400">
				<ele>117.000000</ele>
			</trkpt>
			<trkpt lat="52.429460" lon="17.371380">
				<ele>117.000000</ele>
			</trkpt>
			<trkpt lat="52.429470" lon="17.371360">
				<ele>117.000000</ele>
			</trkpt>
			<trkpt lat="52.429490" lon="17.371349">
				<ele>117.000000</ele>
			</trkpt>
			<trkpt lat="52.429510" lon="17.371329">
				<ele>118.000000</ele>
			</trkpt>
			<trkpt lat="52.429530" lon="17.371320">
				<ele>118.000000</ele>
			</trkpt>
			<trkpt lat="52.429550" lon="17.371311">
				<ele>118.000000</ele>
			</trkpt>
			<trkpt lat="52.429570" lon="17.371300">
				<ele>119.000000</ele>
			</trkpt>
			<trkpt lat="52.429590" lon="17.371280">
				<ele>119.000000</ele>
			</trkpt>
			<trkpt lat="52.429610" lon="17.371260">
				<ele>119.000000</ele>
			</trkpt>
			<trkpt lat="52.429630" lon="17.371230">
				<ele>119.000000</ele>
			</trkpt>
			<trkpt lat="52.429650" lon="17.371219">
				<ele>119.000000</ele>
			</trkpt>
			<trkpt lat="52.429670" lon="17.371201">
				<ele>119.000000</ele>
			</trkpt>
			<trkpt lat="52.429690" lon="17.371170">
				<ele>119.000000</ele>
			</trkpt>
			<trkpt lat="52.429700" lon="17.371140">
				<ele>118.000000</ele>
			</trkpt>
			<trkpt lat="52.429720" lon="17.371130">
				<ele>118.000000</ele>
			</trkpt>
			<trkpt lat="52.429740" lon="17.371109">
				<ele>118.000000</ele>
			</trkpt>
			<trkpt lat="52.429760" lon="17.371100">
				<ele>118.000000</ele>
			</trkpt>
			<trkpt lat="52.429780" lon="17.371080">
				<ele>117.000000</ele>
			</trkpt>
			<trkpt lat="52.429800" lon="17.371060">
				<ele>117.000000</ele>
			</trkpt>
			<trkpt lat="52.429820" lon="17.371040">
				<ele>117.000000</ele>
			</trkpt>
			<trkpt lat="52.429840" lon="17.371020">
				<ele>116.000000</ele>
			</trkpt>
			<trkpt lat="52.429850" lon="17.371010">
				<ele>116.000000</ele>
			</trkpt>
			<trkpt lat="52.429860" lon="17.370999">
				<ele>116.000000</ele>
			</trkpt>
			<trkpt lat="52.429870" lon="17.370999">
				<ele>116.000000</ele>
			</trkpt>
			<trkpt lat="52.429880" lon="17.370999">
				<ele>116.000000</ele>
			</trkpt>
			<trkpt lat="52.429900" lon="17.370979">
				<ele>116.000000</ele>
			</trkpt>
			<trkpt lat="52.429900" lon="17.370970">
				<ele>115.000000</ele>
			</trkpt>
			<trkpt lat="52.429910" lon="17.370950">
				<ele>115.000000</ele>
			</trkpt>
			<trkpt lat="52.429920" lon="17.370940">
				<ele>114.000000</ele>
			</trkpt>
			<trkpt lat="52.429940" lon="17.370920">
				<ele>114.000000</ele>
			</trkpt>
			<trkpt lat="52.429960" lon="17.370910">
				<ele>114.000000</ele>
			</trkpt>
			<trkpt lat="52.429980" lon="17.370889">
				<ele>113.000000</ele>
			</trkpt>
			<trkpt lat="52.429990" lon="17.370880">
				<ele>113.000000</ele>
			</trkpt>
			<trkpt lat="52.430000" lon="17.370869">
				<ele>113.000000</ele>
			</trkpt>
			<trkpt lat="52.430020" lon="17.370869">
				<ele>114.000000</ele>
			</trkpt>
			<trkpt lat="52.430030" lon="17.370860">
				<ele>114.000000</ele>
			</trkpt>
			<trkpt lat="52.430040" lon="17.370860">
				<ele>115.000000</ele>
			</trkpt>
			<trkpt lat="52.430050" lon="17.370860">
				<ele>116.000000</ele>
			</trkpt>
			<trkpt lat="52.430070" lon="17.370840">
				<ele>116.000000</ele>
			</trkpt>
			<trkpt lat="52.430090" lon="17.370840">
				<ele>118.000000</ele>
			</trkpt>
			<trkpt lat="52.430100" lon="17.370840">
				<ele>119.000000</ele>
			</trkpt>
			<trkpt lat="52.430110" lon="17.370820">
				<ele>119.000000</ele>
			</trkpt>
			<trkpt lat="52.430130" lon="17.370810">
				<ele>120.000000</ele>
			</trkpt>
			<trkpt lat="52.430160" lon="17.370810">
				<ele>122.000000</ele>
			</trkpt>
			<trkpt lat="52.430180" lon="17.370820">
				<ele>124.000000</ele>
			</trkpt>
			<trkpt lat="52.430200" lon="17.370830">
				<ele>125.000000</ele>
			</trkpt>
			<trkpt lat="52.430210" lon="17.370830">
				<ele>126.000000</ele>
			</trkpt>
			<trkpt lat="52.430230" lon="17.370840">
				<ele>127.000000</ele>
			</trkpt>
			<trkpt lat="52.430250" lon="17.370830">
				<ele>129.000000</ele>
			</trkpt>
			<trkpt lat="52.430260" lon="17.370830">
				<ele>129.000000</ele>
			</trkpt>
			<trkpt lat="52.430280" lon="17.370840">
				<ele>131.000000</ele>
			</trkpt>
			<trkpt lat="52.430300" lon="17.370840">
				<ele>131.000000</ele>
			</trkpt>
			<trkpt lat="52.430330" lon="17.370840">
				<ele>131.000000</ele>
			</trkpt>
			<trkpt lat="52.430350" lon="17.370851">
				<ele>131.000000</ele>
			</trkpt>
			<trkpt lat="52.430360" lon="17.370860">
				<ele>131.000000</ele>
			</trkpt>
			<trkpt lat="52.430380" lon="17.370880">
				<ele>132.000000</ele>
			</trkpt>
			<trkpt lat="52.430410" lon="17.370889">
				<ele>132.000000</ele>
			</trkpt>
			<trkpt lat="52.430420" lon="17.370889">
				<ele>132.000000</ele>
			</trkpt>
			<trkpt lat="52.430430" lon="17.370900">
				<ele>132.000000</ele>
			</trkpt>
			<trkpt lat="52.430440" lon="17.370930">
				<ele>132.000000</ele>
			</trkpt>
			<trkpt lat="52.430440" lon="17.370950">
				<ele>132.000000</ele>
			</trkpt>
			<trkpt lat="52.430440" lon="17.370961">
				<ele>132.000000</ele>
			</trkpt>
			<trkpt lat="52.430440" lon="17.370979">
				<ele>133.000000</ele>
			</trkpt>
			<trkpt lat="52.430450" lon="17.370999">
				<ele>133.000000</ele>
			</trkpt>
			<trkpt lat="52.430460" lon="17.371030">
				<ele>133.000000</ele>
			</trkpt>
			<trkpt lat="52.430480" lon="17.371040">
				<ele>133.000000</ele>
			</trkpt>
			<trkpt lat="52.430490" lon="17.371060">
				<ele>133.000000</ele>
			</trkpt>
			<trkpt lat="52.430500" lon="17.371071">
				<ele>133.000000</ele>
			</trkpt>
			<trkpt lat="52.430510" lon="17.371071">
				<ele>133.000000</ele>
			</trkpt>
			<trkpt lat="52.430520" lon="17.371091">
				<ele>133.000000</ele>
			</trkpt>
			<trkpt lat="52.430530" lon="17.371100">
				<ele>133.000000</ele>
			</trkpt>
			<trkpt lat="52.430530" lon="17.371120">
				<ele>133.000000</ele>
			</trkpt>
			<trkpt lat="52.430530" lon="17.371140">
				<ele>133.000000</ele>
			</trkpt>
			<trkpt lat="52.430530" lon="17.371160">
				<ele>134.000000</ele>
			</trkpt>
			<trkpt lat="52.430530" lon="17.371190">
				<ele>134.000000</ele>
			</trkpt>
			<trkpt lat="52.430530" lon="17.371219">
				<ele>134.000000</ele>
			</trkpt>
			<trkpt lat="52.430530" lon="17.371240">
				<ele>135.000000</ele>
			</trkpt>
			<trkpt lat="52.430530" lon="17.371280">
				<ele>135.000000</ele>
			</trkpt>
			<trkpt lat="52.430530" lon="17.371311">
				<ele>135.000000</ele>
			</trkpt>
			<trkpt lat="52.430530" lon="17.371340">
				<ele>136.000000</ele>
			</trkpt>
			<trkpt lat="52.430530" lon="17.371380">
				<ele>136.000000</ele>
			</trkpt>
			<trkpt lat="52.430530" lon="17.371410">
				<ele>137.000000</ele>
			</trkpt>
			<trkpt lat="52.430540" lon="17.371450">
				<ele>137.000000</ele>
			</trkpt>
			<trkpt lat="52.430550" lon="17.371480">
				<ele>138.000000</ele>
			</trkpt>
			<trkpt lat="52.430550" lon="17.371510">
				<ele>138.000000</ele>
			</trkpt>
			<trkpt lat="52.430560" lon="17.371551">
				<ele>139.000000</ele>
			</trkpt>
			<trkpt lat="52.430570" lon="17.371580">
				<ele>139.000000</ele>
			</trkpt>
			<trkpt lat="52.430580" lon="17.371600">
				<ele>140.000000</ele>
			</trkpt>
			<trkpt lat="52.430580" lon="17.371630">
				<ele>140.000000</ele>
			</trkpt>
			<trkpt lat="52.430590" lon="17.371661">
				<ele>140.000000</ele>
			</trkpt>
			<trkpt lat="52.430590" lon="17.371690">
				<ele>141.000000</ele>
			</trkpt>
			<trkpt lat="52.430600" lon="17.371730">
				<ele>141.000000</ele>
			</trkpt>
			<trkpt lat="52.430610" lon="17.371760">
				<ele>141.000000</ele>
			</trkpt>
			<trkpt lat="52.430620" lon="17.371780">
				<ele>141.000000</ele>
			</trkpt>
			<trkpt lat="52.430630" lon="17.371809">
				<ele>141.000000</ele>
			</trkpt>
			<trkpt lat="52.430630" lon="17.371830">
				<ele>142.000000</ele>
			</trkpt>
			<trkpt lat="52.430640" lon="17.371860">
				<ele>142.000000</ele>
			</trkpt>
			<trkpt lat="52.430640" lon="17.371890">
				<ele>142.000000</ele>
			</trkpt>
			<trkpt lat="52.430650" lon="17.371919">
				<ele>142.000000</ele>
			</trkpt>
			<trkpt lat="52.430660" lon="17.371950">
				<ele>143.000000</ele>
			</trkpt>
			<trkpt lat="52.430670" lon="17.371980">
				<ele>142.000000</ele>
			</trkpt>
			<trkpt lat="52.430670" lon="17.372020">
				<ele>142.000000</ele>
			</trkpt>
			<trkpt lat="52.430680" lon="17.372050">
				<ele>142.000000</ele>
			</trkpt>
			<trkpt lat="52.430690" lon="17.372080">
				<ele>142.000000</ele>
			</trkpt>
			<trkpt lat="52.430690" lon="17.372101">
				<ele>142.000000</ele>
			</trkpt>
			<trkpt lat="52.430700" lon="17.372130">
				<ele>141.000000</ele>
			</trkpt>
			<trkpt lat="52.430720" lon="17.372160">
				<ele>141.000000</ele>
			</trkpt>
			<trkpt lat="52.430730" lon="17.372180">
				<ele>141.000000</ele>
			</trkpt>
			<trkpt lat="52.430740" lon="17.372210">
				<ele>141.000000</ele>
			</trkpt>
			<trkpt lat="52.430750" lon="17.372240">
				<ele>140.000000</ele>
			</trkpt>
			<trkpt lat="52.430760" lon="17.372260">
				<ele>139.000000</ele>
			</trkpt>
			<trkpt lat="52.430770" lon="17.372290">
				<ele>139.000000</ele>
			</trkpt>
			<trkpt lat="52.430770" lon="17.372310">
				<ele>138.000000</ele>
			</trkpt>
			<trkpt lat="52.430780" lon="17.372330">
				<ele>138.000000</ele>
			</trkpt>
			<trkpt lat="52.430780" lon="17.372350">
				<ele>137.000000</ele>
			</trkpt>
			<trkpt lat="52.430790" lon="17.372370">
				<ele>137.000000</ele>
			</trkpt>
			<trkpt lat="52.430800" lon="17.372390">
				<ele>136.000000</ele>
			</trkpt>
			<trkpt lat="52.430800" lon="17.372410">
				<ele>136.000000</ele>
			</trkpt>
			<trkpt lat="52.430800" lon="17.372430">
				<ele>135.000000</ele>
			</trkpt>
			<trkpt lat="52.430810" lon="17.372451">
				<ele>135.000000</ele>
			</trkpt>
			<trkpt lat="52.430820" lon="17.372471">
				<ele>134.000000</ele>
			</trkpt>
			<trkpt lat="52.430820" lon="17.372489">
				<ele>134.000000</ele>
			</trkpt>
			<trkpt lat="52.430840" lon="17.372520">
				<ele>133.000000</ele>
			</trkpt>
			<trkpt lat="52.430850" lon="17.372530">
				<ele>133.000000</ele>
			</trkpt>
			<trkpt lat="52.430860" lon="17.372540">
				<ele>132.000000</ele>
			</trkpt>
			<trkpt lat="52.430880" lon="17.372561">
				<ele>132.000000</ele>
			</trkpt>
			<trkpt lat="52.430890" lon="17.372581">
				<ele>131.000000</ele>
			</trkpt>
			<trkpt lat="52.430910" lon="17.372610">
				<ele>131.000000</ele>
			</trkpt>
			<trkpt lat="52.430920" lon="17.372630">
				<ele>130.000000</ele>
			</trkpt>
			<trkpt lat="52.430920" lon="17.372660">
				<ele>130.000000</ele>
			</trkpt>
			<trkpt lat="52.430940" lon="17.372691">
				<ele>130.000000</ele>
			</trkpt>
			<trkpt lat="52.430960" lon="17.372720">
				<ele>129.000000</ele>
			</trkpt>
			<trkpt lat="52.430980" lon="17.372750">
				<ele>129.000000</ele>
			</trkpt>
			<trkpt lat="52.430990" lon="17.372790">
				<ele>129.000000</ele>
			</trkpt>
			<trkpt lat="52.431010" lon="17.372819">
				<ele>129.000000</ele>
			</trkpt>
			<trkpt lat="52.431020" lon="17.372850">
				<ele>129.000000</ele>
			</trkpt>
			<trkpt lat="52.431030" lon="17.372880">
				<ele>129.000000</ele>
			</trkpt>
			<trkpt lat="52.431040" lon="17.372890">
				<ele>130.000000</ele>
			</trkpt>
			<trkpt lat="52.431050" lon="17.372890">
				<ele>130.000000</ele>
			</trkpt>
			<trkpt lat="52.431150" lon="17.373391">
				<ele>125.000000</ele>
			</trkpt>
			<trkpt lat="52.431140" lon="17.373409">
				<ele>125.000000</ele>
			</trkpt>
			<trkpt lat="52.431120" lon="17.373440">
				<ele>125.000000</ele>
			</trkpt>
			<trkpt lat="52.431110" lon="17.373460">
				<ele>125.000000</ele>
			</trkpt>
			<trkpt lat="52.431090" lon="17.373490">
				<ele>125.000000</ele>
			</trkpt>
			<trkpt lat="52.431090" lon="17.373530">
				<ele>125.000000</ele>
			</trkpt>
			<trkpt lat="52.431080" lon="17.373560">
				<ele>125.000000</ele>
			</trkpt>
			<trkpt lat="52.431070" lon="17.373590">
				<ele>125.000000</ele>
			</trkpt>
			<trkpt lat="52.431060" lon="17.373629">
				<ele>125.000000</ele>
			</trkpt>
			<trkpt lat="52.431050" lon="17.373670">
				<ele>125.000000</ele>
			</trkpt>
			<trkpt lat="52.431040" lon="17.373710">
				<ele>125.000000</ele>
			</trkpt>
			<trkpt lat="52.431030" lon="17.373750">
				<ele>125.000000</ele>
			</trkpt>
			<trkpt lat="52.431020" lon="17.373780">
				<ele>125.000000</ele>
			</trkpt>
			<trkpt lat="52.431010" lon="17.373820">
				<ele>125.000000</ele>
			</trkpt>
			<trkpt lat="52.431000" lon="17.373851">
				<ele>125.000000</ele>
			</trkpt>
			<trkpt lat="52.430990" lon="17.373880">
				<ele>125.000000</ele>
			</trkpt>
			<trkpt lat="52.430980" lon="17.373910">
				<ele>125.000000</ele>
			</trkpt>
			<trkpt lat="52.430960" lon="17.373950">
				<ele>126.000000</ele>
			</trkpt>
			<trkpt lat="52.430940" lon="17.373979">
				<ele>126.000000</ele>
			</trkpt>
			<trkpt lat="52.430920" lon="17.374010">
				<ele>127.000000</ele>
			</trkpt>
			<trkpt lat="52.430900" lon="17.374040">
				<ele>127.000000</ele>
			</trkpt>
			<trkpt lat="52.430880" lon="17.374060">
				<ele>128.000000</ele>
			</trkpt>
			<trkpt lat="52.430860" lon="17.374080">
				<ele>128.000000</ele>
			</trkpt>
			<trkpt lat="52.430840" lon="17.374100">
				<ele>129.000000</ele>
			</trkpt>
			<trkpt lat="52.430820" lon="17.374109">
				<ele>129.000000</ele>
			</trkpt>
			<trkpt lat="52.430810" lon="17.374130">
				<ele>128.000000</ele>
			</trkpt>
			<trkpt lat="52.430790" lon="17.374140">
				<ele>128.000000</ele>
			</trkpt>
			<trkpt lat="52.430770" lon="17.374170">
				<ele>128.000000</ele>
			</trkpt>
			<trkpt lat="52.430750" lon="17.374190">
				<ele>127.000000</ele>
			</trkpt>
			<trkpt lat="52.430750" lon="17.374219">
				<ele>127.000000</ele>
			</trkpt>
			<trkpt lat="52.430740" lon="17.374250">
				<ele>127.000000</ele>
			</trkpt>
			<trkpt lat="52.430750" lon="17.374291">
				<ele>127.000000</ele>
			</trkpt>
			<trkpt lat="52.430760" lon="17.374320">
				<ele>127.000000</ele>
			</trkpt>
			<trkpt lat="52.430770" lon="17.374340">
				<ele>128.000000</ele>
			</trkpt>
			<trkpt lat="52.430780" lon="17.374370">
				<ele>128.000000</ele>
			</trkpt>
			<trkpt lat="52.430790" lon="17.374410">
				<ele>128.000000</ele>
			</trkpt>
			<trkpt lat="52.430790" lon="17.374439">
				<ele>128.000000</ele>
			</trkpt>
			<trkpt lat="52.430810" lon="17.374470">
				<ele>128.000000</ele>
			</trkpt>
			<trkpt lat="52.430810" lon="17.374500">
				<ele>129.000000</ele>
			</trkpt>
			<trkpt lat="52.430820" lon="17.374531">
				<ele>129.000000</ele>
			</trkpt>
			<trkpt lat="52.430840" lon="17.374560">
				<ele>129.000000</ele>
			</trkpt>
			<trkpt lat="52.430840" lon="17.374600">
				<ele>129.000000</ele>
			</trkpt>
			<trkpt lat="52.430850" lon="17.374630">
				<ele>130.000000</ele>
			</trkpt>
			<trkpt lat="52.430860" lon="17.374670">
				<ele>130.000000</ele>
			</trkpt>
			<trkpt lat="52.430870" lon="17.374710">
				<ele>130.000000</ele>
			</trkpt>
			<trkpt lat="52.430880" lon="17.374751">
				<ele>130.000000</ele>
			</trkpt>
			<trkpt lat="52.430890" lon="17.374800">
				<ele>130.000000</ele>
			</trkpt>
			<trkpt lat="52.430900" lon="17.374840">
				<ele>131.000000</ele>
			</trkpt>
			<trkpt lat="52.430920" lon="17.374881">
				<ele>131.000000</ele>
			</trkpt>
			<trkpt lat="52.430930" lon="17.374930">
				<ele>131.000000</ele>
			</trkpt>
			<trkpt lat="52.430950" lon="17.374970">
				<ele>131.000000</ele>
			</trkpt>
			<trkpt lat="52.430960" lon="17.375009">
				<ele>131.000000</ele>
			</trkpt>
			<trkpt lat="52.430970" lon="17.375050">
				<ele>132.000000</ele>
			</trkpt>
			<trkpt lat="52.430980" lon="17.375090">
				<ele>132.000000</ele>
			</trkpt>
			<trkpt lat="52.431000" lon="17.375130">
				<ele>132.000000</ele>
			</trkpt>
			<trkpt lat="52.431010" lon="17.375170">
				<ele>132.000000</ele>
			</trkpt>
			<trkpt lat="52.431020" lon="17.375200">
				<ele>132.000000</ele>
			</trkpt>
			<trkpt lat="52.431030" lon="17.375240">
				<ele>132.000000</ele>
			</trkpt>
			<trkpt lat="52.431040" lon="17.375270">
				<ele>132.000000</ele>
			</trkpt>
			<trkpt lat="52.431050" lon="17.375300">
				<ele>132.000000</ele>
			</trkpt>
			<trkpt lat="52.431060" lon="17.375330">
				<ele>132.000000</ele>
			</trkpt>
			<trkpt lat="52.431070" lon="17.375359">
				<ele>131.000000</ele>
			</trkpt>
			<trkpt lat="52.431090" lon="17.375410">
				<ele>131.000000</ele>
			</trkpt>
			<trkpt lat="52.431100" lon="17.375451">
				<ele>131.000000</ele>
			</trkpt>
			<trkpt lat="52.431110" lon="17.375489">
				<ele>131.000000</ele>
			</trkpt>
			<trkpt lat="52.431120" lon="17.375530">
				<ele>130.000000</ele>
			</trkpt>
			<trkpt lat="52.431140" lon="17.375581">
				<ele>130.000000</ele>
			</trkpt>
			<trkpt lat="52.431150" lon="17.375620">
				<ele>130.000000</ele>
			</trkpt>
			<trkpt lat="52.431160" lon="17.375660">
				<ele>130.000000</ele>
			</trkpt>
			<trkpt lat="52.431170" lon="17.375700">
				<ele>129.000000</ele>
			</trkpt>
			<trkpt lat="52.431180" lon="17.375740">
				<ele>129.000000</ele>
			</trkpt>
			<trkpt lat="52.431190" lon="17.375790">
				<ele>129.000000</ele>
			</trkpt>
			<trkpt lat="52.431200" lon="17.375830">
				<ele>129.000000</ele>
			</trkpt>
			<trkpt lat="52.431210" lon="17.375860">
				<ele>129.000000</ele>
			</trkpt>
			<trkpt lat="52.431230" lon="17.375870">
				<ele>129.000000</ele>
			</trkpt>
			<trkpt lat="52.431250" lon="17.375860">
				<ele>128.000000</ele>
			</trkpt>
			<trkpt lat="52.431280" lon="17.375840">
				<ele>128.000000</ele>
			</trkpt>
			<trkpt lat="52.431310" lon="17.375830">
				<ele>128.000000</ele>
			</trkpt>
			<trkpt lat="52.431340" lon="17.375801">
				<ele>128.000000</ele>
			</trkpt>
			<trkpt lat="52.431370" lon="17.375780">
				<ele>128.000000</ele>
			</trkpt>
			<trkpt lat="52.431410" lon="17.375760">
				<ele>127.000000</ele>
			</trkpt>
			<trkpt lat="52.431450" lon="17.375740">
				<ele>127.000000</ele>
			</trkpt>
			<trkpt lat="52.431480" lon="17.375730">
				<ele>126.000000</ele>
			</trkpt>
			<trkpt lat="52.431520" lon="17.375709">
				<ele>125.000000</ele>
			</trkpt>
			<trkpt lat="52.431560" lon="17.375700">
				<ele>125.000000</ele>
			</trkpt>
			<trkpt lat="52.431600" lon="17.375680">
				<ele>124.000000</ele>
			</trkpt>
			<trkpt lat="52.431640" lon="17.375660">
				<ele>123.000000</ele>
			</trkpt>
			<trkpt lat="52.431690" lon="17.375650">
				<ele>123.000000</ele>
			</trkpt>
			<trkpt lat="52.431730" lon="17.375640">
				<ele>124.000000</ele>
			</trkpt>
			<trkpt lat="52.431780" lon="17.375610">
				<ele>124.000000</ele>
			</trkpt>
			<trkpt lat="52.431830" lon="17.375590">
				<ele>124.000000</ele>
			</trkpt>
			<trkpt lat="52.431870" lon="17.375570">
				<ele>125.000000</ele>
			</trkpt>
			<trkpt lat="52.431920" lon="17.375561">
				<ele>125.000000</ele>
			</trkpt>
			<trkpt lat="52.431960" lon="17.375540">
				<ele>125.000000</ele>
			</trkpt>
			<trkpt lat="52.432010" lon="17.375530">
				<ele>126.000000</ele>
			</trkpt>
			<trkpt lat="52.432060" lon="17.375510">
				<ele>126.000000</ele>
			</trkpt>
			<trkpt lat="52.432110" lon="17.375480">
				<ele>126.000000</ele>
			</trkpt>
			<trkpt lat="52.432160" lon="17.375451">
				<ele>126.000000</ele>
			</trkpt>
			<trkpt lat="52.432200" lon="17.375420">
				<ele>125.000000</ele>
			</trkpt>
			<trkpt lat="52.432250" lon="17.375390">
				<ele>125.000000</ele>
			</trkpt>
			<trkpt lat="52.432300" lon="17.375359">
				<ele>126.000000</ele>
			</trkpt>
			<trkpt lat="52.432360" lon="17.375330">
				<ele>126.000000</ele>
			</trkpt>
			<trkpt lat="52.432410" lon="17.375310">
				<ele>126.000000</ele>
			</trkpt>
			<trkpt lat="52.432460" lon="17.375290">
				<ele>126.000000</ele>
			</trkpt>
			<trkpt lat="52.432510" lon="17.375270">
				<ele>126.000000</ele>
			</trkpt>
			<trkpt lat="52.432550" lon="17.375249">
				<ele>125.000000</ele>
			</trkpt>
			<trkpt lat="52.432610" lon="17.375231">
				<ele>124.000000</ele>
			</trkpt>
			<trkpt lat="52.432660" lon="17.375211">
				<ele>123.000000</ele>
			</trkpt>
			<trkpt lat="52.432710" lon="17.375180">
				<ele>122.000000</ele>
			</trkpt>
			<trkpt lat="52.432760" lon="17.375160">
				<ele>121.000000</ele>
			</trkpt>
			<trkpt lat="52.432810" lon="17.375130">
				<ele>120.000000</ele>
			</trkpt>
			<trkpt lat="52.432860" lon="17.375101">
				<ele>119.000000</ele>
			</trkpt>
			<trkpt lat="52.432910" lon="17.375080">
				<ele>118.000000</ele>
			</trkpt>
			<trkpt lat="52.432960" lon="17.375040">
				<ele>117.000000</ele>
			</trkpt>
			<trkpt lat="52.433010" lon="17.375009">
				<ele>116.000000</ele>
			</trkpt>
			<trkpt lat="52.433060" lon="17.374970">
				<ele>115.000000</ele>
			</trkpt>
			<trkpt lat="52.433100" lon="17.374920">
				<ele>114.000000</ele>
			</trkpt>
			<trkpt lat="52.433150" lon="17.374881">
				<ele>113.000000</ele>
			</trkpt>
			<trkpt lat="52.433200" lon="17.374840">
				<ele>112.000000</ele>
			</trkpt>
			<trkpt lat="52.433250" lon="17.374789">
				<ele>111.000000</ele>
			</trkpt>
			<trkpt lat="52.433300" lon="17.374740">
				<ele>111.000000</ele>
			</trkpt>
			<trkpt lat="52.433340" lon="17.374690">
				<ele>111.000000</ele>
			</trkpt>
			<trkpt lat="52.433390" lon="17.374641">
				<ele>112.000000</ele>
			</trkpt>
			<trkpt lat="52.433430" lon="17.374590">
				<ele>114.000000</ele>
			</trkpt>
			<trkpt lat="52.433480" lon="17.374540">
				<ele>116.000000</ele>
			</trkpt>
			<trkpt lat="52.433530" lon="17.374490">
				<ele>117.000000</ele>
			</trkpt>
			<trkpt lat="52.433580" lon="17.374450">
				<ele>119.000000</ele>
			</trkpt>
			<trkpt lat="52.433620" lon="17.374400">
				<ele>121.000000</ele>
			</trkpt>
			<trkpt lat="52.433670" lon="17.374350">
				<ele>121.000000</ele>
			</trkpt>
			<trkpt lat="52.433710" lon="17.374300">
				<ele>122.000000</ele>
			</trkpt>
			<trkpt lat="52.433760" lon="17.374260">
				<ele>123.000000</ele>
			</trkpt>
			<trkpt lat="52.433810" lon="17.374219">
				<ele>124.000000</ele>
			</trkpt>
			<trkpt lat="52.433850" lon="17.374160">
				<ele>125.000000</ele>
			</trkpt>
			<trkpt lat="52.433880" lon="17.374089">
				<ele>125.000000</ele>
			</trkpt>
			<trkpt lat="52.433910" lon="17.374020">
				<ele>126.000000</ele>
			</trkpt>
			<trkpt lat="52.433930" lon="17.373950">
				<ele>126.000000</ele>
			</trkpt>
			<trkpt lat="52.433940" lon="17.373869">
				<ele>126.000000</ele>
			</trkpt>
			<trkpt lat="52.433940" lon="17.373790">
				<ele>126.000000</ele>
			</trkpt>
			<trkpt lat="52.433930" lon="17.373710">
				<ele>126.000000</ele>
			</trkpt>
			<trkpt lat="52.433930" lon="17.373629">
				<ele>126.000000</ele>
			</trkpt>
			<trkpt lat="52.433920" lon="17.373540">
				<ele>126.000000</ele>
			</trkpt>
			<trkpt lat="52.433920" lon="17.373450">
				<ele>126.000000</ele>
			</trkpt>
			<trkpt lat="52.433940" lon="17.373360">
				<ele>126.000000</ele>
			</trkpt>
			<trkpt lat="52.433960" lon="17.373250">
				<ele>127.000000</ele>
			</trkpt>
			<trkpt lat="52.433990" lon="17.373160">
				<ele>127.000000</ele>
			</trkpt>
			<trkpt lat="52.434030" lon="17.373059">
				<ele>128.000000</ele>
			</trkpt>
			<trkpt lat="52.434070" lon="17.372960">
				<ele>128.000000</ele>
			</trkpt>
			<trkpt lat="52.434110" lon="17.372860">
				<ele>127.000000</ele>
			</trkpt>
			<trkpt lat="52.434170" lon="17.372750">
				<ele>127.000000</ele>
			</trkpt>
			<trkpt lat="52.434220" lon="17.372660">
				<ele>125.000000</ele>
			</trkpt>
			<trkpt lat="52.434280" lon="17.372561">
				<ele>124.000000</ele>
			</trkpt>
			<trkpt lat="52.434330" lon="17.372471">
				<ele>123.000000</ele>
			</trkpt>
			<trkpt lat="52.434380" lon="17.372370">
				<ele>123.000000</ele>
			</trkpt>
			<trkpt lat="52.434420" lon="17.372269">
				<ele>123.000000</ele>
			</trkpt>
			<trkpt lat="52.434470" lon="17.372180">
				<ele>124.000000</ele>
			</trkpt>
			<trkpt lat="52.434510" lon="17.372090">
				<ele>125.000000</ele>
			</trkpt>
			<trkpt lat="52.434550" lon="17.372000">
				<ele>126.000000</ele>
			</trkpt>
			<trkpt lat="52.434580" lon="17.371910">
				<ele>126.000000</ele>
			</trkpt>
			<trkpt lat="52.434620" lon="17.371820">
				<ele>127.000000</ele>
			</trkpt>
			<trkpt lat="52.434640" lon="17.371730">
				<ele>127.000000</ele>
			</trkpt>
			<trkpt lat="52.434650" lon="17.371630">
				<ele>127.000000</ele>
			</trkpt>
			<trkpt lat="52.434640" lon="17.371540">
				<ele>128.000000</ele>
			</trkpt>
			<trkpt lat="52.434620" lon="17.371450">
				<ele>128.000000</ele>
			</trkpt>
			<trkpt lat="52.434600" lon="17.371370">
				<ele>129.000000</ele>
			</trkpt>
			<trkpt lat="52.434560" lon="17.371300">
				<ele>129.000000</ele>
			</trkpt>
			<trkpt lat="52.434530" lon="17.371230">
				<ele>130.000000</ele>
			</trkpt>
			<trkpt lat="52.434510" lon="17.371160">
				<ele>131.000000</ele>
			</trkpt>
			<trkpt lat="52.434480" lon="17.371091">
				<ele>132.000000</ele>
			</trkpt>
			<trkpt lat="52.434450" lon="17.371030">
				<ele>133.000000</ele>
			</trkpt>
			<trkpt lat="52.434430" lon="17.370961">
				<ele>134.000000</ele>
			</trkpt>
			<trkpt lat="52.434400" lon="17.370889">
				<ele>134.000000</ele>
			</trkpt>
			<trkpt lat="52.434380" lon="17.370830">
				<ele>134.000000</ele>
			</trkpt>
			<trkpt lat="52.434350" lon="17.370759">
				<ele>133.000000</ele>
			</trkpt>
			<trkpt lat="52.434330" lon="17.370690">
				<ele>133.000000</ele>
			</trkpt>
			<trkpt lat="52.434300" lon="17.370620">
				<ele>133.000000</ele>
			</trkpt>
			<trkpt lat="52.434280" lon="17.370550">
				<ele>133.000000</ele>
			</trkpt>
			<trkpt lat="52.434250" lon="17.370480">
				<ele>132.000000</ele>
			</trkpt>
			<trkpt lat="52.434230" lon="17.370420">
				<ele>131.000000</ele>
			</trkpt>
			<trkpt lat="52.434210" lon="17.370360">
				<ele>131.000000</ele>
			</trkpt>
			<trkpt lat="52.434190" lon="17.370290">
				<ele>130.000000</ele>
			</trkpt>
			<trkpt lat="52.434160" lon="17.370230">
				<ele>129.000000</ele>
			</trkpt>
			<trkpt lat="52.434140" lon="17.370180">
				<ele>129.000000</ele>
			</trkpt>
			<trkpt lat="52.434110" lon="17.370110">
				<ele>128.000000</ele>
			</trkpt>
			<trkpt lat="52.434090" lon="17.370050">
				<ele>128.000000</ele>
			</trkpt>
			<trkpt lat="52.434060" lon="17.369990">
				<ele>128.000000</ele>
			</trkpt>
			<trkpt lat="52.434040" lon="17.369920">
				<ele>128.000000</ele>
			</trkpt>
			<trkpt lat="52.434010" lon="17.369839">
				<ele>128.000000</ele>
			</trkpt>
			<trkpt lat="52.433980" lon="17.369770">
				<ele>128.000000</ele>
			</trkpt>
			<trkpt lat="52.433950" lon="17.369700">
				<ele>128.000000</ele>
			</trkpt>
			<trkpt lat="52.433920" lon="17.369640">
				<ele>129.000000</ele>
			</trkpt>
			<trkpt lat="52.433890" lon="17.369570">
				<ele>130.000000</ele>
			</trkpt>
			<trkpt lat="52.433860" lon="17.369509">
				<ele>130.000000</ele>
			</trkpt>
			<trkpt lat="52.433820" lon="17.369440">
				<ele>130.000000</ele>
			</trkpt>
			<trkpt lat="52.433790" lon="17.369361">
				<ele>131.000000</ele>
			</trkpt>
			<trkpt lat="52.433760" lon="17.369300">
				<ele>131.000000</ele>
			</trkpt>
			<trkpt lat="52.433740" lon="17.369231">
				<ele>132.000000</ele>
			</trkpt>
			<trkpt lat="52.433710" lon="17.369159">
				<ele>133.000000</ele>
			</trkpt>
			<trkpt lat="52.433690" lon="17.369080">
				<ele>133.000000</ele>
			</trkpt>
			<trkpt lat="52.433670" lon="17.369011">
				<ele>134.000000</ele>
			</trkpt>
			<trkpt lat="52.433630" lon="17.368940">
				<ele>135.000000</ele>
			</trkpt>
			<trkpt lat="52.433610" lon="17.368870">
				<ele>136.000000</ele>
			</trkpt>
			<trkpt lat="52.433590" lon="17.368809">
				<ele>136.000000</ele>
			</trkpt>
			<trkpt lat="52.433560" lon="17.368750">
				<ele>135.000000</ele>
			</trkpt>
			<trkpt lat="52.433540" lon="17.368690">
				<ele>135.000000</ele>
			</trkpt>
			<trkpt lat="52.433510" lon="17.368610">
				<ele>135.000000</ele>
			</trkpt>
			<trkpt lat="52.433480" lon="17.368540">
				<ele>135.000000</ele>
			</trkpt>
			<trkpt lat="52.433450" lon="17.368470">
				<ele>135.000000</ele>
			</trkpt>
			<trkpt lat="52.433420" lon="17.368400">
				<ele>135.000000</ele>
			</trkpt>
			<trkpt lat="52.433390" lon="17.368320">
				<ele>136.000000</ele>
			</trkpt>
			<trkpt lat="52.433360" lon="17.368250">
				<ele>136.000000</ele>
			</trkpt>
			<trkpt lat="52.433330" lon="17.368170">
				<ele>136.000000</ele>
			</trkpt>
			<trkpt lat="52.433300" lon="17.368100">
				<ele>136.000000</ele>
			</trkpt>
			<trkpt lat="52.433270" lon="17.368020">
				<ele>136.000000</ele>
			</trkpt>
			<trkpt lat="52.433230" lon="17.367940">
				<ele>135.000000</ele>
			</trkpt>
			<trkpt lat="52.433200" lon="17.367851">
				<ele>135.000000</ele>
			</trkpt>
			<trkpt lat="52.433170" lon="17.367779">
				<ele>135.000000</ele>
			</trkpt>
			<trkpt lat="52.433140" lon="17.367700">
				<ele>134.000000</ele>
			</trkpt>
			<trkpt lat="52.433110" lon="17.367631">
				<ele>133.000000</ele>
			</trkpt>
			<trkpt lat="52.433090" lon="17.367560">
				<ele>133.000000</ele>
			</trkpt>
			<trkpt lat="52.433070" lon="17.367490">
				<ele>132.000000</ele>
			</trkpt>
			<trkpt lat="52.433050" lon="17.367440">
				<ele>132.000000</ele>
			</trkpt>
			<trkpt lat="52.433030" lon="17.367380">
				<ele>132.000000</ele>
			</trkpt>
			<trkpt lat="52.433010" lon="17.367330">
				<ele>132.000000</ele>
			</trkpt>
			<trkpt lat="52.432990" lon="17.367270">
				<ele>131.000000</ele>
			</trkpt>
			<trkpt lat="52.432970" lon="17.367209">
				<ele>131.000000</ele>
			</trkpt>
			<trkpt lat="52.432950" lon="17.367150">
				<ele>131.000000</ele>
			</trkpt>
			<trkpt lat="52.432930" lon="17.367079">
				<ele>131.000000</ele>
			</trkpt>
			<trkpt lat="52.432910" lon="17.367020">
				<ele>131.000000</ele>
			</trkpt>
			<trkpt lat="52.432890" lon="17.366960">
				<ele>132.000000</ele>
			</trkpt>
			<trkpt lat="52.432880" lon="17.366890">
				<ele>132.000000</ele>
			</trkpt>
			<trkpt lat="52.432850" lon="17.366821">
				<ele>133.000000</ele>
			</trkpt>
			<trkpt lat="52.432820" lon="17.366760">
				<ele>134.000000</ele>
			</trkpt>
			<trkpt lat="52.432800" lon="17.366690">
				<ele>135.000000</ele>
			</trkpt>
			<trkpt lat="52.432770" lon="17.366619">
				<ele>137.000000</ele>
			</trkpt>
			<trkpt lat="52.432730" lon="17.366560">
				<ele>136.000000</ele>
			</trkpt>
			<trkpt lat="52.432700" lon="17.366491">
				<ele>136.000000</ele>
			</trkpt>
			<trkpt lat="52.432670" lon="17.366420">
				<ele>136.000000</ele>
			</trkpt>
			<trkpt lat="52.432640" lon="17.366350">
				<ele>136.000000</ele>
			</trkpt>
			<trkpt lat="52.432610" lon="17.366280">
				<ele>135.000000</ele>
			</trkpt>
			<trkpt lat="52.432580" lon="17.366220">
				<ele>134.000000</ele>
			</trkpt>
			<trkpt lat="52.432560" lon="17.366159">
				<ele>134.000000</ele>
			</trkpt>
			<trkpt lat="52.432530" lon="17.366100">
				<ele>134.000000</ele>
			</trkpt>
			<trkpt lat="52.432490" lon="17.366031">
				<ele>133.000000</ele>
			</trkpt>
			<trkpt lat="52.432470" lon="17.365960">
				<ele>132.000000</ele>
			</trkpt>
			<trkpt lat="52.432440" lon="17.365890">
				<ele>131.000000</ele>
			</trkpt>
			<trkpt lat="52.432410" lon="17.365820">
				<ele>130.000000</ele>
			</trkpt>
			<trkpt lat="52.432390" lon="17.365750">
				<ele>130.000000</ele>
			</trkpt>
			<trkpt lat="52.432360" lon="17.365690">
				<ele>130.000000</ele>
			</trkpt>
			<trkpt lat="52.432330" lon="17.365620">
				<ele>130.000000</ele>
			</trkpt>
			<trkpt lat="52.432300" lon="17.365560">
				<ele>130.000000</ele>
			</trkpt>
			<trkpt lat="52.432270" lon="17.365490">
				<ele>130.000000</ele>
			</trkpt>
			<trkpt lat="52.432240" lon="17.365420">
				<ele>131.000000</ele>
			</trkpt>
			<trkpt lat="52.432210" lon="17.365349">
				<ele>131.000000</ele>
			</trkpt>
			<trkpt lat="52.432180" lon="17.365280">
				<ele>131.000000</ele>
			</trkpt>
			<trkpt lat="52.432160" lon="17.365221">
				<ele>131.000000</ele>
			</trkpt>
			<trkpt lat="52.432130" lon="17.365170">
				<ele>131.000000</ele>
			</trkpt>
			<trkpt lat="52.432100" lon="17.365100">
				<ele>131.000000</ele>
			</trkpt>
			<trkpt lat="52.432070" lon="17.365030">
				<ele>131.000000</ele>
			</trkpt>
			<trkpt lat="52.432050" lon="17.364950">
				<ele>132.000000</ele>
			</trkpt>
			<trkpt lat="52.432020" lon="17.364880">
				<ele>132.000000</ele>
			</trkpt>
			<trkpt lat="52.432000" lon="17.364820">
				<ele>132.000000</ele>
			</trkpt>
			<trkpt lat="52.431970" lon="17.364750">
				<ele>132.000000</ele>
			</trkpt>
			<trkpt lat="52.431950" lon="17.364680">
				<ele>133.000000</ele>
			</trkpt>
			<trkpt lat="52.431920" lon="17.364610">
				<ele>132.000000</ele>
			</trkpt>
			<trkpt lat="52.431890" lon="17.364539">
				<ele>132.000000</ele>
			</trkpt>
			<trkpt lat="52.431870" lon="17.364460">
				<ele>132.000000</ele>
			</trkpt>
			<trkpt lat="52.431840" lon="17.364390">
				<ele>132.000000</ele>
			</trkpt>
			<trkpt lat="52.431820" lon="17.364330">
				<ele>132.000000</ele>
			</trkpt>
			<trkpt lat="52.431800" lon="17.364290">
				<ele>131.000000</ele>
			</trkpt>
			<trkpt lat="52.431780" lon="17.364270">
				<ele>131.000000</ele>
			</trkpt>
			<trkpt lat="52.431750" lon="17.364250">
				<ele>131.000000</ele>
			</trkpt>
			<trkpt lat="52.431730" lon="17.364250">
				<ele>131.000000</ele>
			</trkpt>
			<trkpt lat="52.431710" lon="17.364260">
				<ele>131.000000</ele>
			</trkpt>
			<trkpt lat="52.431690" lon="17.364281">
				<ele>131.000000</ele>
			</trkpt>
			<trkpt lat="52.431660" lon="17.364301">
				<ele>130.000000</ele>
			</trkpt>
			<trkpt lat="52.431640" lon="17.364319">
				<ele>130.000000</ele>
			</trkpt>
			<trkpt lat="52.431630" lon="17.364350">
				<ele>130.000000</ele>
			</trkpt>
			<trkpt lat="52.431630" lon="17.364380">
				<ele>130.000000</ele>
			</trkpt>
			<trkpt lat="52.431630" lon="17.364400">
				<ele>130.000000</ele>
			</trkpt>
			<trkpt lat="52.431620" lon="17.364429">
				<ele>130.000000</ele>
			</trkpt>
			<trkpt lat="52.431610" lon="17.364470">
				<ele>130.000000</ele>
			</trkpt>
			<trkpt lat="52.431590" lon="17.364521">
				<ele>130.000000</ele>
			</trkpt>
			<trkpt lat="52.431560" lon="17.364590">
				<ele>130.000000</ele>
			</trkpt>
			<trkpt lat="52.431540" lon="17.364651">
				<ele>130.000000</ele>
			</trkpt>
			<trkpt lat="52.431510" lon="17.364720">
				<ele>129.000000</ele>
			</trkpt>
			<trkpt lat="52.431490" lon="17.364779">
				<ele>128.000000</ele>
			</trkpt>
			<trkpt lat="52.431470" lon="17.364850">
				<ele>127.000000</ele>
			</trkpt>
			<trkpt lat="52.431440" lon="17.364909">
				<ele>125.000000</ele>
			</trkpt>
			<trkpt lat="52.431410" lon="17.364960">
				<ele>124.000000</ele>
			</trkpt>
			<trkpt lat="52.431370" lon="17.364999">
				<ele>122.000000</ele>
			</trkpt>
			<trkpt lat="52.431330" lon="17.365050">
				<ele>122.000000</ele>
			</trkpt>
			<trkpt lat="52.431300" lon="17.365111">
				<ele>122.000000</ele>
			</trkpt>
			<trkpt lat="52.431260" lon="17.365180">
				<ele>122.000000</ele>
			</trkpt>
			<trkpt lat="52.431220" lon="17.365239">
				<ele>122.000000</ele>
			</trkpt>
			<trkpt lat="52.431180" lon="17.365290">
				<ele>122.000000</ele>
			</trkpt>
			<trkpt lat="52.431150" lon="17.365340">
				<ele>122.000000</ele>
			</trkpt>
			<trkpt lat="52.431110" lon="17.365380">
				<ele>123.000000</ele>
			</trkpt>
			<trkpt lat="52.431070" lon="17.365430">
				<ele>124.000000</ele>
			</trkpt>
			<trkpt lat="52.431040" lon="17.365490">
				<ele>125.000000</ele>
			</trkpt>
			<trkpt lat="52.431010" lon="17.365551">
				<ele>126.000000</ele>
			</trkpt>
			<trkpt lat="52.430970" lon="17.365610">
				<ele>127.000000</ele>
			</trkpt>
			<trkpt lat="52.430950" lon="17.365670">
				<ele>128.000000</ele>
			</trkpt>
			<trkpt lat="52.430920" lon="17.365720">
				<ele>128.000000</ele>
			</trkpt>
			<trkpt lat="52.430890" lon="17.365800">
				<ele>129.000000</ele>
			</trkpt>
			<trkpt lat="52.430860" lon="17.365860">
				<ele>129.000000</ele>
			</trkpt>
			<trkpt lat="52.430820" lon="17.365930">
				<ele>129.000000</ele>
			</trkpt>
			<trkpt lat="52.430790" lon="17.366000">
				<ele>129.000000</ele>
			</trkpt>
			<trkpt lat="52.430770" lon="17.366080">
				<ele>128.000000</ele>
			</trkpt>
			<trkpt lat="52.430750" lon="17.366130">
				<ele>128.000000</ele>
			</trkpt>
			<trkpt lat="52.430730" lon="17.366190">
				<ele>128.000000</ele>
			</trkpt>
			<trkpt lat="52.430710" lon="17.366240">
				<ele>128.000000</ele>
			</trkpt>
			<trkpt lat="52.430680" lon="17.366289">
				<ele>128.000000</ele>
			</trkpt>
			<trkpt lat="52.430640" lon="17.366350">
				<ele>128.000000</ele>
			</trkpt>
			<trkpt lat="52.430610" lon="17.366399">
				<ele>128.000000</ele>
			</trkpt>
			<trkpt lat="52.430560" lon="17.366450">
				<ele>128.000000</ele>
			</trkpt>
			<trkpt lat="52.430510" lon="17.366509">
				<ele>129.000000</ele>
			</trkpt>
			<trkpt lat="52.430470" lon="17.366570">
				<ele>129.000000</ele>
			</trkpt>
			<trkpt lat="52.430420" lon="17.366619">
				<ele>130.000000</ele>
			</trkpt>
			<trkpt lat="52.430380" lon="17.366690">
				<ele>131.000000</ele>
			</trkpt>
			<trkpt lat="52.430320" lon="17.366740">
				<ele>132.000000</ele>
			</trkpt>
			<trkpt lat="52.430280" lon="17.366790">
				<ele>132.000000</ele>
			</trkpt>
			<trkpt lat="52.430230" lon="17.366839">
				<ele>133.000000</ele>
			</trkpt>
			<trkpt lat="52.430190" lon="17.366870">
				<ele>133.000000</ele>
			</trkpt>
			<trkpt lat="52.430150" lon="17.366900">
				<ele>133.000000</ele>
			</trkpt>
			<trkpt lat="52.430110" lon="17.366920">
				<ele>133.000000</ele>
			</trkpt>
			<trkpt lat="52.430070" lon="17.366951">
				<ele>133.000000</ele>
			</trkpt>
			<trkpt lat="52.430030" lon="17.366980">
				<ele>133.000000</ele>
			</trkpt>
			<trkpt lat="52.429980" lon="17.367000">
				<ele>133.000000</ele>
			</trkpt>
			<trkpt lat="52.429940" lon="17.367030">
				<ele>132.000000</ele>
			</trkpt>
			<trkpt lat="52.429900" lon="17.367061">
				<ele>131.000000</ele>
			</trkpt>
			<trkpt lat="52.429860" lon="17.367090">
				<ele>131.000000</ele>
			</trkpt>
			<trkpt lat="52.429820" lon="17.367130">
				<ele>130.000000</ele>
			</trkpt>
			<trkpt lat="52.429780" lon="17.367160">
				<ele>129.000000</ele>
			</trkpt>
			<trkpt lat="52.429750" lon="17.367189">
				<ele>129.000000</ele>
			</trkpt>
			<trkpt lat="52.429710" lon="17.367230">
				<ele>129.000000</ele>
			</trkpt>
			<trkpt lat="52.429670" lon="17.367270">
				<ele>129.000000</ele>
			</trkpt>
			<trkpt lat="52.429640" lon="17.367299">
				<ele>129.000000</ele>
			</trkpt>
			<trkpt lat="52.429600" lon="17.367340">
				<ele>129.000000</ele>
			</trkpt>
			<trkpt lat="52.429570" lon="17.367391">
				<ele>129.000000</ele>
			</trkpt>
			<trkpt lat="52.429540" lon="17.367440">
				<ele>129.000000</ele>
			</trkpt>
			<trkpt lat="52.429500" lon="17.367480">
				<ele>130.000000</ele>
			</trkpt>
			<trkpt lat="52.429460" lon="17.367521">
				<ele>130.000000</ele>
			</trkpt>
			<trkpt lat="52.429420" lon="17.367550">
				<ele>130.000000</ele>
			</trkpt>
			<trkpt lat="52.429380" lon="17.367570">
				<ele>131.000000</ele>
			</trkpt>
			<trkpt lat="52.429340" lon="17.367580">
				<ele>131.000000</ele>
			</trkpt>
			<trkpt lat="52.429290" lon="17.367580">
				<ele>131.000000</ele>
			</trkpt>
			<trkpt lat="52.429250" lon="17.367580">
				<ele>132.000000</ele>
			</trkpt>
			<trkpt lat="52.429200" lon="17.367590">
				<ele>132.000000</ele>
			</trkpt>
			<trkpt lat="52.429160" lon="17.367590">
				<ele>132.000000</ele>
			</trkpt>
			<trkpt lat="52.429110" lon="17.367600">
				<ele>132.000000</ele>
			</trkpt>
			<trkpt lat="52.429060" lon="17.367610">
				<ele>131.000000</ele>
			</trkpt>
			<trkpt lat="52.429010" lon="17.367610">
				<ele>131.000000</ele>
			</trkpt>
			<trkpt lat="52.428960" lon="17.367631">
				<ele>131.000000</ele>
			</trkpt>
			<trkpt lat="52.428910" lon="17.367649">
				<ele>131.000000</ele>
			</trkpt>
			<trkpt lat="52.428860" lon="17.367680">
				<ele>130.000000</ele>
			</trkpt>
			<trkpt lat="52.428820" lon="17.367720">
				<ele>130.000000</ele>
			</trkpt>
			<trkpt lat="52.428770" lon="17.367759">
				<ele>130.000000</ele>
			</trkpt>
			<trkpt lat="52.428730" lon="17.367800">
				<ele>131.000000</ele>
			</trkpt>
			<trkpt lat="52.428690" lon="17.367840">
				<ele>131.000000</ele>
			</trkpt>
			<trkpt lat="52.428660" lon="17.367871">
				<ele>131.000000</ele>
			</trkpt>
			<trkpt lat="52.428630" lon="17.367900">
				<ele>131.000000</ele>
			</trkpt>
			<trkpt lat="52.428610" lon="17.367940">
				<ele>131.000000</ele>
			</trkpt>
			<trkpt lat="52.428590" lon="17.367970">
				<ele>131.000000</ele>
			</trkpt>
			<trkpt lat="52.428570" lon="17.367999">
				<ele>132.000000</ele>
			</trkpt>
			<trkpt lat="52.428550" lon="17.368010">
				<ele>132.000000</ele>
			</trkpt>
			<trkpt lat="52.428510" lon="17.367999">
				<ele>132.000000</ele>
			</trkpt>
			<trkpt lat="52.428480" lon="17.367990">
				<ele>132.000000</ele>
			</trkpt>
			<trkpt lat="52.428440" lon="17.367990">
				<ele>133.000000</ele>
			</trkpt>
			<trkpt lat="52.428400" lon="17.367981">
				<ele>133.000000</ele>
			</trkpt>
			<trkpt lat="52.428360" lon="17.367970">
				<ele>133.000000</ele>
			</trkpt>
			<trkpt lat="52.428320" lon="17.367950">
				<ele>133.000000</ele>
			</trkpt>
			<trkpt lat="52.428280" lon="17.367940">
				<ele>133.000000</ele>
			</trkpt>
			<trkpt lat="52.428240" lon="17.367950">
				<ele>133.000000</ele>
			</trkpt>
			<trkpt lat="52.428200" lon="17.367970">
				<ele>133.000000</ele>
			</trkpt>
			<trkpt lat="52.428160" lon="17.367981">
				<ele>132.000000</ele>
			</trkpt>
			<trkpt lat="52.428120" lon="17.367999">
				<ele>132.000000</ele>
			</trkpt>
			<trkpt lat="52.428070" lon="17.367999">
				<ele>131.000000</ele>
			</trkpt>
			<trkpt lat="52.428030" lon="17.368010">
				<ele>131.000000</ele>
			</trkpt>
			<trkpt lat="52.427980" lon="17.368010">
				<ele>131.000000</ele>
			</trkpt>
			<trkpt lat="52.427930" lon="17.367999">
				<ele>131.000000</ele>
			</trkpt>
			<trkpt lat="52.427880" lon="17.367990">
				<ele>131.000000</ele>
			</trkpt>
			<trkpt lat="52.427830" lon="17.367970">
				<ele>131.000000</ele>
			</trkpt>
			<trkpt lat="52.427790" lon="17.367940">
				<ele>131.000000</ele>
			</trkpt>
			<trkpt lat="52.427750" lon="17.367920">
				<ele>131.000000</ele>
			</trkpt>
			<trkpt lat="52.427710" lon="17.367889">
				<ele>131.000000</ele>
			</trkpt>
			<trkpt lat="52.427670" lon="17.367860">
				<ele>130.000000</ele>
			</trkpt>
			<trkpt lat="52.427620" lon="17.367840">
				<ele>130.000000</ele>
			</trkpt>
			<trkpt lat="52.427580" lon="17.367840">
				<ele>129.000000</ele>
			</trkpt>
			<trkpt lat="52.427550" lon="17.367840">
				<ele>129.000000</ele>
			</trkpt>
			<trkpt lat="52.427510" lon="17.367840">
				<ele>129.000000</ele>
			</trkpt>
			<trkpt lat="52.427470" lon="17.367871">
				<ele>128.000000</ele>
			</trkpt>
			<trkpt lat="52.427430" lon="17.367900">
				<ele>128.000000</ele>
			</trkpt>
			<trkpt lat="52.427390" lon="17.367920">
				<ele>128.000000</ele>
			</trkpt>
			<trkpt lat="52.427350" lon="17.367930">
				<ele>128.000000</ele>
			</trkpt>
			<trkpt lat="52.427310" lon="17.367920">
				<ele>128.000000</ele>
			</trkpt>
			<trkpt lat="52.427270" lon="17.367920">
				<ele>127.000000</ele>
			</trkpt>
			<trkpt lat="52.427230" lon="17.367940">
				<ele>127.000000</ele>
			</trkpt>
			<trkpt lat="52.427190" lon="17.367981">
				<ele>128.000000</ele>
			</trkpt>
			<trkpt lat="52.427150" lon="17.368020">
				<ele>128.000000</ele>
			</trkpt>
			<trkpt lat="52.427100" lon="17.368050">
				<ele>129.000000</ele>
			</trkpt>
			<trkpt lat="52.427060" lon="17.368091">
				<ele>129.000000</ele>
			</trkpt>
			<trkpt lat="52.427010" lon="17.368120">
				<ele>129.000000</ele>
			</trkpt>
			<trkpt lat="52.426970" lon="17.368140">
				<ele>129.000000</ele>
			</trkpt>
			<trkpt lat="52.426930" lon="17.368160">
				<ele>129.000000</ele>
			</trkpt>
			<trkpt lat="52.426880" lon="17.368180">
				<ele>128.000000</ele>
			</trkpt>
			<trkpt lat="52.426840" lon="17.368180">
				<ele>128.000000</ele>
			</trkpt>
			<trkpt lat="52.426800" lon="17.368180">
				<ele>128.000000</ele>
			</trkpt>
			<trkpt lat="52.426760" lon="17.368170">
				<ele>127.000000</ele>
			</trkpt>
			<trkpt lat="52.426720" lon="17.368180">
				<ele>127.000000</ele>
			</trkpt>
			<trkpt lat="52.426690" lon="17.368210">
				<ele>127.000000</ele>
			</trkpt>
			<trkpt lat="52.426650" lon="17.368230">
				<ele>126.000000</ele>
			</trkpt>
			<trkpt lat="52.426610" lon="17.368219">
				<ele>126.000000</ele>
			</trkpt>
			<trkpt lat="52.426580" lon="17.368180">
				<ele>126.000000</ele>
			</trkpt>
			<trkpt lat="52.426560" lon="17.368140">
				<ele>126.000000</ele>
			</trkpt>
			<trkpt lat="52.426550" lon="17.368091">
				<ele>126.000000</ele>
			</trkpt>
			<trkpt lat="52.426530" lon="17.368040">
				<ele>127.000000</ele>
			</trkpt>
			<trkpt lat="52.426490" lon="17.367999">
				<ele>127.000000</ele>
			</trkpt>
			<trkpt lat="52.426460" lon="17.367961">
				<ele>128.000000</ele>
			</trkpt>
			<trkpt lat="52.426430" lon="17.367930">
				<ele>128.000000</ele>
			</trkpt>
			<trkpt lat="52.426390" lon="17.367889">
				<ele>129.000000</ele>
			</trkpt>
			<trkpt lat="52.426350" lon="17.367860">
				<ele>130.000000</ele>
			</trkpt>
			<trkpt lat="52.426320" lon="17.367830">
				<ele>131.000000</ele>
			</trkpt>
			<trkpt lat="52.426280" lon="17.367790">
				<ele>132.000000</ele>
			</trkpt>
			<trkpt lat="52.426260" lon="17.367750">
				<ele>133.000000</ele>
			</trkpt>
			<trkpt lat="52.426240" lon="17.367720">
				<ele>133.000000</ele>
			</trkpt>
			<trkpt lat="52.426200" lon="17.367700">
				<ele>134.000000</ele>
			</trkpt>
			<trkpt lat="52.426170" lon="17.367669">
				<ele>135.000000</ele>
			</trkpt>
			<trkpt lat="52.426130" lon="17.367669">
				<ele>136.000000</ele>
			</trkpt>
			<trkpt lat="52.426090" lon="17.367690">
				<ele>136.000000</ele>
			</trkpt>
			<trkpt lat="52.426070" lon="17.367710">
				<ele>135.000000</ele>
			</trkpt>
			<trkpt lat="52.426050" lon="17.367700">
				<ele>135.000000</ele>
			</trkpt>
			<trkpt lat="52.426020" lon="17.367680">
				<ele>135.000000</ele>
			</trkpt>
			<trkpt lat="52.426000" lon="17.367669">
				<ele>135.000000</ele>
			</trkpt>
			<trkpt lat="52.425970" lon="17.367660">
				<ele>135.000000</ele>
			</trkpt>
			<trkpt lat="52.425930" lon="17.367640">
				<ele>134.000000</ele>
			</trkpt>
			<trkpt lat="52.425900" lon="17.367631">
				<ele>134.000000</ele>
			</trkpt>
			<trkpt lat="52.425860" lon="17.367649">
				<ele>133.000000</ele>
			</trkpt>
			<trkpt lat="52.425820" lon="17.367660">
				<ele>133.000000</ele>
			</trkpt>
			<trkpt lat="52.425770" lon="17.367680">
				<ele>133.000000</ele>
			</trkpt>
			<trkpt lat="52.425730" lon="17.367700">
				<ele>133.000000</ele>
			</trkpt>
			<trkpt lat="52.425690" lon="17.367680">
				<ele>133.000000</ele>
			</trkpt>
			<trkpt lat="52.425660" lon="17.367690">
				<ele>133.000000</ele>
			</trkpt>
			<trkpt lat="52.425630" lon="17.367710">
				<ele>133.000000</ele>
			</trkpt>
			<trkpt lat="52.425590" lon="17.367750">
				<ele>132.000000</ele>
			</trkpt>
			<trkpt lat="52.425550" lon="17.367800">
				<ele>131.000000</ele>
			</trkpt>
			<trkpt lat="52.425510" lon="17.367830">
				<ele>130.000000</ele>
			</trkpt>
			<trkpt lat="52.425470" lon="17.367871">
				<ele>130.000000</ele>
			</trkpt>
			<trkpt lat="52.425430" lon="17.367900">
				<ele>129.000000</ele>
			</trkpt>
			<trkpt lat="52.425400" lon="17.367940">
				<ele>129.000000</ele>
			</trkpt>
			<trkpt lat="52.425370" lon="17.367999">
				<ele>128.000000</ele>
			</trkpt>
			<trkpt lat="52.425350" lon="17.368050">
				<ele>128.000000</ele>
			</trkpt>
			<trkpt lat="52.425330" lon="17.368100">
				<ele>128.000000</ele>
			</trkpt>
			<trkpt lat="52.425300" lon="17.368140">
				<ele>129.000000</ele>
			</trkpt>
			<trkpt lat="52.425260" lon="17.368160">
				<ele>129.000000</ele>
			</trkpt>
			<trkpt lat="52.425210" lon="17.368160">
				<ele>129.000000</ele>
			</trkpt>
			<trkpt lat="52.425180" lon="17.368170">
				<ele>129.000000</ele>
			</trkpt>
			<trkpt lat="52.425150" lon="17.368190">
				<ele>129.000000</ele>
			</trkpt>
			<trkpt lat="52.425120" lon="17.368219">
				<ele>130.000000</ele>
			</trkpt>
			<trkpt lat="52.425100" lon="17.368250">
				<ele>130.000000</ele>
			</trkpt>
			<trkpt lat="52.425070" lon="17.368280">
				<ele>130.000000</ele>
			</trkpt>
			<trkpt lat="52.425040" lon="17.368331">
				<ele>130.000000</ele>
			</trkpt>
			<trkpt lat="52.425030" lon="17.368380">
				<ele>130.000000</ele>
			</trkpt>
			<trkpt lat="52.425010" lon="17.368430">
				<ele>130.000000</ele>
			</trkpt>
			<trkpt lat="52.424970" lon="17.368470">
				<ele>130.000000</ele>
			</trkpt>
			<trkpt lat="52.424940" lon="17.368530">
				<ele>130.000000</ele>
			</trkpt>
			<trkpt lat="52.424930" lon="17.368589">
				<ele>130.000000</ele>
			</trkpt>
			<trkpt lat="52.424930" lon="17.368640">
				<ele>130.000000</ele>
			</trkpt>
			<trkpt lat="52.424920" lon="17.368690">
				<ele>130.000000</ele>
			</trkpt>
			<trkpt lat="52.424900" lon="17.368730">
				<ele>131.000000</ele>
			</trkpt>
			<trkpt lat="52.424880" lon="17.368791">
				<ele>131.000000</ele>
			</trkpt>
			<trkpt lat="52.424860" lon="17.368850">
				<ele>131.000000</ele>
			</trkpt>
			<trkpt lat="52.424840" lon="17.368901">
				<ele>132.000000</ele>
			</trkpt>
			<trkpt lat="52.424820" lon="17.368960">
				<ele>132.000000</ele>
			</trkpt>
			<trkpt lat="52.424800" lon="17.369020">
				<ele>132.000000</ele>
			</trkpt>
			<trkpt lat="52.424780" lon="17.369070">
				<ele>132.000000</ele>
			</trkpt>
			<trkpt lat="52.424770" lon="17.369130">
				<ele>132.000000</ele>
			</trkpt>
			<trkpt lat="52.424770" lon="17.369190">
				<ele>132.000000</ele>
			</trkpt>
			<trkpt lat="52.424780" lon="17.369260">
				<ele>132.000000</ele>
			</trkpt>
			<trkpt lat="52.424780" lon="17.369320">
				<ele>131.000000</ele>
			</trkpt>
			<trkpt lat="52.424750" lon="17.369370">
				<ele>131.000000</ele>
			</trkpt>
			<trkpt lat="52.424720" lon="17.369420">
				<ele>131.000000</ele>
			</trkpt>
			<trkpt lat="52.424700" lon="17.369471">
				<ele>130.000000</ele>
			</trkpt>
			<trkpt lat="52.424680" lon="17.369509">
				<ele>130.000000</ele>
			</trkpt>
			<trkpt lat="52.424650" lon="17.369540">
				<ele>130.000000</ele>
			</trkpt>
			<trkpt lat="52.424620" lon="17.369550">
				<ele>130.000000</ele>
			</trkpt>
			<trkpt lat="52.424590" lon="17.369550">
				<ele>130.000000</ele>
			</trkpt>
			<trkpt lat="52.424560" lon="17.369550">
				<ele>130.000000</ele>
			</trkpt>
			<trkpt lat="52.424530" lon="17.369540">
				<ele>131.000000</ele>
			</trkpt>
			<trkpt lat="52.424500" lon="17.369520">
				<ele>131.000000</ele>
			</trkpt>
			<trkpt lat="52.424460" lon="17.369500">
				<ele>131.000000</ele>
			</trkpt>
			<trkpt lat="52.424430" lon="17.369471">
				<ele>131.000000</ele>
			</trkpt>
			<trkpt lat="52.424400" lon="17.369460">
				<ele>131.000000</ele>
			</trkpt>
			<trkpt lat="52.424370" lon="17.369460">
				<ele>131.000000</ele>
			</trkpt>
			<trkpt lat="52.424330" lon="17.369460">
				<ele>130.000000</ele>
			</trkpt>
			<trkpt lat="52.424280" lon="17.369450">
				<ele>130.000000</ele>
			</trkpt>
			<trkpt lat="52.424240" lon="17.369440">
				<ele>130.000000</ele>
			</trkpt>
			<trkpt lat="52.424200" lon="17.369430">
				<ele>130.000000</ele>
			</trkpt>
			<trkpt lat="52.424140" lon="17.369440">
				<ele>129.000000</ele>
			</trkpt>
			<trkpt lat="52.424090" lon="17.369430">
				<ele>127.000000</ele>
			</trkpt>
			<trkpt lat="52.424040" lon="17.369420">
				<ele>126.000000</ele>
			</trkpt>
			<trkpt lat="52.423990" lon="17.369410">
				<ele>125.000000</ele>
			</trkpt>
			<trkpt lat="52.423950" lon="17.369420">
				<ele>123.000000</ele>
			</trkpt>
			<trkpt lat="52.423910" lon="17.369440">
				<ele>122.000000</ele>
			</trkpt>
			<trkpt lat="52.423860" lon="17.369471">
				<ele>122.000000</ele>
			</trkpt>
			<trkpt lat="52.423810" lon="17.369489">
				<ele>122.000000</ele>
			</trkpt>
			<trkpt lat="52.423770" lon="17.369489">
				<ele>122.000000</ele>
			</trkpt>
			<trkpt lat="52.423730" lon="17.369480">
				<ele>122.000000</ele>
			</trkpt>
			<trkpt lat="52.423690" lon="17.369480">
				<ele>122.000000</ele>
			</trkpt>
			<trkpt lat="52.423650" lon="17.369489">
				<ele>122.000000</ele>
			</trkpt>
			<trkpt lat="52.423610" lon="17.369500">
				<ele>123.000000</ele>
			</trkpt>
			<trkpt lat="52.423580" lon="17.369500">
				<ele>123.000000</ele>
			</trkpt>
			<trkpt lat="52.423530" lon="17.369509">
				<ele>123.000000</ele>
			</trkpt>
			<trkpt lat="52.423480" lon="17.369509">
				<ele>124.000000</ele>
			</trkpt>
			<trkpt lat="52.423430" lon="17.369489">
				<ele>124.000000</ele>
			</trkpt>
			<trkpt lat="52.423390" lon="17.369450">
				<ele>123.000000</ele>
			</trkpt>
			<trkpt lat="52.423350" lon="17.369400">
				<ele>123.000000</ele>
			</trkpt>
			<trkpt lat="52.423340" lon="17.369350">
				<ele>123.000000</ele>
			</trkpt>
			<trkpt lat="52.423340" lon="17.369300">
				<ele>123.000000</ele>
			</trkpt>
			<trkpt lat="52.423330" lon="17.369251">
				<ele>123.000000</ele>
			</trkpt>
			<trkpt lat="52.423310" lon="17.369200">
				<ele>123.000000</ele>
			</trkpt>
			<trkpt lat="52.423300" lon="17.369150">
				<ele>123.000000</ele>
			</trkpt>
			<trkpt lat="52.423290" lon="17.369100">
				<ele>124.000000</ele>
			</trkpt>
			<trkpt lat="52.423280" lon="17.369049">
				<ele>124.000000</ele>
			</trkpt>
			<trkpt lat="52.423280" lon="17.369000">
				<ele>124.000000</ele>
			</trkpt>
			<trkpt lat="52.423270" lon="17.368950">
				<ele>124.000000</ele>
			</trkpt>
			<trkpt lat="52.423250" lon="17.368919">
				<ele>124.000000</ele>
			</trkpt>
			<trkpt lat="52.423230" lon="17.368901">
				<ele>124.000000</ele>
			</trkpt>
			<trkpt lat="52.423210" lon="17.368870">
				<ele>123.000000</ele>
			</trkpt>
			<trkpt lat="52.423200" lon="17.368809">
				<ele>123.000000</ele>
			</trkpt>
			<trkpt lat="52.423190" lon="17.368740">
				<ele>123.000000</ele>
			</trkpt>
			<trkpt lat="52.423200" lon="17.368679">
				<ele>123.000000</ele>
			</trkpt>
			<trkpt lat="52.423220" lon="17.368610">
				<ele>123.000000</ele>
			</trkpt>
			<trkpt lat="52.423230" lon="17.368540">
				<ele>123.000000</ele>
			</trkpt>
			<trkpt lat="52.423250" lon="17.368470">
				<ele>123.000000</ele>
			</trkpt>
			<trkpt lat="52.423270" lon="17.368421">
				<ele>123.000000</ele>
			</trkpt>
			<trkpt lat="52.423290" lon="17.368370">
				<ele>123.000000</ele>
			</trkpt>
			<trkpt lat="52.423310" lon="17.368320">
				<ele>124.000000</ele>
			</trkpt>
			<trkpt lat="52.423330" lon="17.368250">
				<ele>124.000000</ele>
			</trkpt>
			<trkpt lat="52.423340" lon="17.368180">
				<ele>124.000000</ele>
			</trkpt>
			<trkpt lat="52.423360" lon="17.368120">
				<ele>124.000000</ele>
			</trkpt>
			<trkpt lat="52.423380" lon="17.368040">
				<ele>125.000000</ele>
			</trkpt>
			<trkpt lat="52.423400" lon="17.367981">
				<ele>125.000000</ele>
			</trkpt>
			<trkpt lat="52.423410" lon="17.367910">
				<ele>126.000000</ele>
			</trkpt>
			<trkpt lat="52.423420" lon="17.367840">
				<ele>126.000000</ele>
			</trkpt>
			<trkpt lat="52.423420" lon="17.367779">
				<ele>126.000000</ele>
			</trkpt>
			<trkpt lat="52.423410" lon="17.367720">
				<ele>126.000000</ele>
			</trkpt>
			<trkpt lat="52.423390" lon="17.367649">
				<ele>125.000000</ele>
			</trkpt>
			<trkpt lat="52.423370" lon="17.367600">
				<ele>125.000000</ele>
			</trkpt>
			<trkpt lat="52.423350" lon="17.367560">
				<ele>125.000000</ele>
			</trkpt>
			<trkpt lat="52.423340" lon="17.367521">
				<ele>125.000000</ele>
			</trkpt>
			<trkpt lat="52.423340" lon="17.367470">
				<ele>125.000000</ele>
			</trkpt>
			<trkpt lat="52.423330" lon="17.367429">
				<ele>126.000000</ele>
			</trkpt>
			<trkpt lat="52.423300" lon="17.367411">
				<ele>126.000000</ele>
			</trkpt>
			<trkpt lat="52.423270" lon="17.367391">
				<ele>125.000000</ele>
			</trkpt>
			<trkpt lat="52.423250" lon="17.367360">
				<ele>126.000000</ele>
			</trkpt>
			<trkpt lat="52.423220" lon="17.367330">
				<ele>126.000000</ele>
			</trkpt>
			<trkpt lat="52.423190" lon="17.367290">
				<ele>126.000000</ele>
			</trkpt>
			<trkpt lat="52.423170" lon="17.367250">
				<ele>126.000000</ele>
			</trkpt>
			<trkpt lat="52.423150" lon="17.367220">
				<ele>126.000000</ele>
			</trkpt>
			<trkpt lat="52.423120" lon="17.367171">
				<ele>127.000000</ele>
			</trkpt>
			<trkpt lat="52.423090" lon="17.367120">
				<ele>127.000000</ele>
			</trkpt>
			<trkpt lat="52.423060" lon="17.367070">
				<ele>128.000000</ele>
			</trkpt>
			<trkpt lat="52.423040" lon="17.367030">
				<ele>128.000000</ele>
			</trkpt>
			<trkpt lat="52.423010" lon="17.366980">
				<ele>129.000000</ele>
			</trkpt>
			<trkpt lat="52.422980" lon="17.366951">
				<ele>129.000000</ele>
			</trkpt>
			<trkpt lat="52.422950" lon="17.366910">
				<ele>128.000000</ele>
			</trkpt>
			<trkpt lat="52.422920" lon="17.366859">
				<ele>127.000000</ele>
			</trkpt>
			<trkpt lat="52.422890" lon="17.366800">
				<ele>126.000000</ele>
			</trkpt>
			<trkpt lat="52.422880" lon="17.366760">
				<ele>125.000000</ele>
			</trkpt>
			<trkpt lat="52.422850" lon="17.366729">
				<ele>124.000000</ele>
			</trkpt>
			<trkpt lat="52.422810" lon="17.366720">
				<ele>122.000000</ele>
			</trkpt>
			<trkpt lat="52.422770" lon="17.366720">
				<ele>121.000000</ele>
			</trkpt>
			<trkpt lat="52.422730" lon="17.366711">
				<ele>121.000000</ele>
			</trkpt>
			<trkpt lat="52.422700" lon="17.366680">
				<ele>121.000000</ele>
			</trkpt>
			<trkpt lat="52.422670" lon="17.366650">
				<ele>120.000000</ele>
			</trkpt>
			<trkpt lat="52.422640" lon="17.366640">
				<ele>120.000000</ele>
			</trkpt>
			<trkpt lat="52.422600" lon="17.366640">
				<ele>120.000000</ele>
			</trkpt>
			<trkpt lat="52.422570" lon="17.366640">
				<ele>120.000000</ele>
			</trkpt>
			<trkpt lat="52.422520" lon="17.366630">
				<ele>120.000000</ele>
			</trkpt>
			<trkpt lat="52.422480" lon="17.366619">
				<ele>119.000000</ele>
			</trkpt>
			<trkpt lat="52.422440" lon="17.366610">
				<ele>118.000000</ele>
			</trkpt>
			<trkpt lat="52.422410" lon="17.366619">
				<ele>118.000000</ele>
			</trkpt>
			<trkpt lat="52.422370" lon="17.366650">
				<ele>118.000000</ele>
			</trkpt>
			<trkpt lat="52.422340" lon="17.366690">
				<ele>119.000000</ele>
			</trkpt>
			<trkpt lat="52.422310" lon="17.366720">
				<ele>119.000000</ele>
			</trkpt>
			<trkpt lat="52.422270" lon="17.366740">
				<ele>119.000000</ele>
			</trkpt>
			<trkpt lat="52.422240" lon="17.366770">
				<ele>119.000000</ele>
			</trkpt>
			<trkpt lat="52.422230" lon="17.366810">
				<ele>120.000000</ele>
			</trkpt>
			<trkpt lat="52.422220" lon="17.366870">
				<ele>122.000000</ele>
			</trkpt>
			<trkpt lat="52.422210" lon="17.366920">
				<ele>123.000000</ele>
			</trkpt>
			<trkpt lat="52.422180" lon="17.366980">
				<ele>123.000000</ele>
			</trkpt>
			<trkpt lat="52.422160" lon="17.367030">
				<ele>123.000000</ele>
			</trkpt>
			<trkpt lat="52.422140" lon="17.367079">
				<ele>123.000000</ele>
			</trkpt>
			<trkpt lat="52.422110" lon="17.367140">
				<ele>123.000000</ele>
			</trkpt>
			<trkpt lat="52.422090" lon="17.367189">
				<ele>123.000000</ele>
			</trkpt>
			<trkpt lat="52.422080" lon="17.367250">
				<ele>124.000000</ele>
			</trkpt>
			<trkpt lat="52.422090" lon="17.367310">
				<ele>124.000000</ele>
			</trkpt>
			<trkpt lat="52.422080" lon="17.367370">
				<ele>125.000000</ele>
			</trkpt>
			<trkpt lat="52.422070" lon="17.367429">
				<ele>125.000000</ele>
			</trkpt>
			<trkpt lat="52.422060" lon="17.367480">
				<ele>125.000000</ele>
			</trkpt>
			<trkpt lat="52.422050" lon="17.367539">
				<ele>126.000000</ele>
			</trkpt>
			<trkpt lat="52.422030" lon="17.367580">
				<ele>125.000000</ele>
			</trkpt>
			<trkpt lat="52.422010" lon="17.367640">
				<ele>125.000000</ele>
			</trkpt>
			<trkpt lat="52.422000" lon="17.367700">
				<ele>126.000000</ele>
			</trkpt>
			<trkpt lat="52.421990" lon="17.367741">
				<ele>126.000000</ele>
			</trkpt>
			<trkpt lat="52.421970" lon="17.367800">
				<ele>126.000000</ele>
			</trkpt>
			<trkpt lat="52.421960" lon="17.367851">
				<ele>126.000000</ele>
			</trkpt>
			<trkpt lat="52.421950" lon="17.367910">
				<ele>126.000000</ele>
			</trkpt>
			<trkpt lat="52.421950" lon="17.367961">
				<ele>127.000000</ele>
			</trkpt>
			<trkpt lat="52.421940" lon="17.368020">
				<ele>127.000000</ele>
			</trkpt>
			<trkpt lat="52.421940" lon="17.368060">
				<ele>127.000000</ele>
			</trkpt>
			<trkpt lat="52.421930" lon="17.368100">
				<ele>128.000000</ele>
			</trkpt>
			<trkpt lat="52.421930" lon="17.368129">
				<ele>128.000000</ele>
			</trkpt>
			<trkpt lat="52.421920" lon="17.368170">
				<ele>128.000000</ele>
			</trkpt>
			<trkpt lat="52.421920" lon="17.368210">
				<ele>128.000000</ele>
			</trkpt>
			<trkpt lat="52.421910" lon="17.368270">
				<ele>128.000000</ele>
			</trkpt>
			<trkpt lat="52.421900" lon="17.368311">
				<ele>128.000000</ele>
			</trkpt>
			<trkpt lat="52.421890" lon="17.368340">
				<ele>128.000000</ele>
			</trkpt>
			<trkpt lat="52.421880" lon="17.368390">
				<ele>129.000000</ele>
			</trkpt>
			<trkpt lat="52.421870" lon="17.368430">
				<ele>129.000000</ele>
			</trkpt>
			<trkpt lat="52.421860" lon="17.368450">
				<ele>129.000000</ele>
			</trkpt>
			<trkpt lat="52.421840" lon="17.368470">
				<ele>129.000000</ele>
			</trkpt>
			<trkpt lat="52.421820" lon="17.368500">
				<ele>129.000000</ele>
			</trkpt>
			<trkpt lat="52.421790" lon="17.368520">
				<ele>129.000000</ele>
			</trkpt>
			<trkpt lat="52.421770" lon="17.368530">
				<ele>128.000000</ele>
			</trkpt>
			<trkpt lat="52.421740" lon="17.368540">
				<ele>128.000000</ele>
			</trkpt>
			<trkpt lat="52.421710" lon="17.368540">
				<ele>127.000000</ele>
			</trkpt>
			<trkpt lat="52.421680" lon="17.368560">
				<ele>127.000000</ele>
			</trkpt>
			<trkpt lat="52.421650" lon="17.368589">
				<ele>126.000000</ele>
			</trkpt>
			<trkpt lat="52.421630" lon="17.368630">
				<ele>126.000000</ele>
			</trkpt>
			<trkpt lat="52.421620" lon="17.368661">
				<ele>126.000000</ele>
			</trkpt>
			<trkpt lat="52.421590" lon="17.368699">
				<ele>125.000000</ele>
			</trkpt>
			<trkpt lat="52.421560" lon="17.368730">
				<ele>124.000000</ele>
			</trkpt>
			<trkpt lat="52.421520" lon="17.368760">
				<ele>122.000000</ele>
			</trkpt>
			<trkpt lat="52.421490" lon="17.368800">
				<ele>120.000000</ele>
			</trkpt>
			<trkpt lat="52.421450" lon="17.368840">
				<ele>118.000000</ele>
			</trkpt>
			<trkpt lat="52.421410" lon="17.368860">
				<ele>116.000000</ele>
			</trkpt>
			<trkpt lat="52.421370" lon="17.368890">
				<ele>115.000000</ele>
			</trkpt>
			<trkpt lat="52.421330" lon="17.368919">
				<ele>116.000000</ele>
			</trkpt>
			<trkpt lat="52.421300" lon="17.368940">
				<ele>116.000000</ele>
			</trkpt>
			<trkpt lat="52.421260" lon="17.368950">
				<ele>117.000000</ele>
			</trkpt>
			<trkpt lat="52.421210" lon="17.368990">
				<ele>118.000000</ele>
			</trkpt>
			<trkpt lat="52.421160" lon="17.369000">
				<ele>119.000000</ele>
			</trkpt>
			<trkpt lat="52.421120" lon="17.369020">
				<ele>119.000000</ele>
			</trkpt>
			<trkpt lat="52.421090" lon="17.369029">
				<ele>120.000000</ele>
			</trkpt>
			<trkpt lat="52.421050" lon="17.369040">
				<ele>121.000000</ele>
			</trkpt>
			<trkpt lat="52.421000" lon="17.369060">
				<ele>122.000000</ele>
			</trkpt>
			<trkpt lat="52.420970" lon="17.369070">
				<ele>122.000000</ele>
			</trkpt>
			<trkpt lat="52.420930" lon="17.369070">
				<ele>123.000000</ele>
			</trkpt>
			<trkpt lat="52.420900" lon="17.369060">
				<ele>123.000000</ele>
			</trkpt>
			<trkpt lat="52.420860" lon="17.369040">
				<ele>124.000000</ele>
			</trkpt>
			<trkpt lat="52.420820" lon="17.369029">
				<ele>124.000000</ele>
			</trkpt>
			<trkpt lat="52.420780" lon="17.369011">
				<ele>125.000000</ele>
			</trkpt>
			<trkpt lat="52.420740" lon="17.368980">
				<ele>126.000000</ele>
			</trkpt>
			<trkpt lat="52.420700" lon="17.368930">
				<ele>127.000000</ele>
			</trkpt>
			<trkpt lat="52.420670" lon="17.368890">
				<ele>128.000000</ele>
			</trkpt>
			<trkpt lat="52.420630" lon="17.368870">
				<ele>129.000000</ele>
			</trkpt>
			<trkpt lat="52.420600" lon="17.368830">
				<ele>129.000000</ele>
			</trkpt>
			<trkpt lat="52.420570" lon="17.368791">
				<ele>130.000000</ele>
			</trkpt>
			<trkpt lat="52.420540" lon="17.368750">
				<ele>130.000000</ele>
			</trkpt>
			<trkpt lat="52.420520" lon="17.368690">
				<ele>130.000000</ele>
			</trkpt>
			<trkpt lat="52.420490" lon="17.368640">
				<ele>130.000000</ele>
			</trkpt>
			<trkpt lat="52.420470" lon="17.368580">
				<ele>130.000000</ele>
			</trkpt>
			<trkpt lat="52.420450" lon="17.368540">
				<ele>130.000000</ele>
			</trkpt>
			<trkpt lat="52.420440" lon="17.368480">
				<ele>130.000000</ele>
			</trkpt>
			<trkpt lat="52.420420" lon="17.368421">
				<ele>129.000000</ele>
			</trkpt>
			<trkpt lat="52.420410" lon="17.368340">
				<ele>129.000000</ele>
			</trkpt>
			<trkpt lat="52.420400" lon="17.368280">
				<ele>129.000000</ele>
			</trkpt>
			<trkpt lat="52.420390" lon="17.368219">
				<ele>129.000000</ele>
			</trkpt>
			<trkpt lat="52.420390" lon="17.368150">
				<ele>128.000000</ele>
			</trkpt>
			<trkpt lat="52.420380" lon="17.368080">
				<ele>128.000000</ele>
			</trkpt>
			<trkpt lat="52.420370" lon="17.368010">
				<ele>128.000000</ele>
			</trkpt>
			<trkpt lat="52.420370" lon="17.367930">
				<ele>128.000000</ele>
			</trkpt>
			<trkpt lat="52.420380" lon="17.367880">
				<ele>128.000000</ele>
			</trkpt>
			<trkpt lat="52.420390" lon="17.367820">
				<ele>128.000000</ele>
			</trkpt>
			<trkpt lat="52.420400" lon="17.367759">
				<ele>128.000000</ele>
			</trkpt>
			<trkpt lat="52.420410" lon="17.367710">
				<ele>128.000000</ele>
			</trkpt>
			<trkpt lat="52.420430" lon="17.367660">
				<ele>127.000000</ele>
			</trkpt>
			<trkpt lat="52.420450" lon="17.367600">
				<ele>127.000000</ele>
			</trkpt>
			<trkpt lat="52.420470" lon="17.367550">
				<ele>127.000000</ele>
			</trkpt>
			<trkpt lat="52.420480" lon="17.367490">
				<ele>127.000000</ele>
			</trkpt>
			<trkpt lat="52.420480" lon="17.367429">
				<ele>127.000000</ele>
			</trkpt>
			<trkpt lat="52.420490" lon="17.367360">
				<ele>126.000000</ele>
			</trkpt>
			<trkpt lat="52.420490" lon="17.367319">
				<ele>126.000000</ele>
			</trkpt>
			<trkpt lat="52.420490" lon="17.367270">
				<ele>126.000000</ele>
			</trkpt>
			<trkpt lat="52.420500" lon="17.367220">
				<ele>126.000000</ele>
			</trkpt>
			<trkpt lat="52.420520" lon="17.367171">
				<ele>126.000000</ele>
			</trkpt>
			<trkpt lat="52.420530" lon="17.367120">
				<ele>126.000000</ele>
			</trkpt>
			<trkpt lat="52.420530" lon="17.367079">
				<ele>126.000000</ele>
			</trkpt>
			<trkpt lat="52.420520" lon="17.367030">
				<ele>126.000000</ele>
			</trkpt>
			<trkpt lat="52.420510" lon="17.367010">
				<ele>126.000000</ele>
			</trkpt>
			<trkpt lat="52.420500" lon="17.366980">
				<ele>126.000000</ele>
			</trkpt>
			<trkpt lat="52.420500" lon="17.366951">
				<ele>126.000000</ele>
			</trkpt>
			<trkpt lat="52.420500" lon="17.366900">
				<ele>126.000000</ele>
			</trkpt>
			<trkpt lat="52.420520" lon="17.366859">
				<ele>127.000000</ele>
			</trkpt>
			<trkpt lat="52.420530" lon="17.366821">
				<ele>127.000000</ele>
			</trkpt>
			<trkpt lat="52.420550" lon="17.366770">
				<ele>128.000000</ele>
			</trkpt>
			<trkpt lat="52.420560" lon="17.366720">
				<ele>128.000000</ele>
			</trkpt>
			<trkpt lat="52.420580" lon="17.366670">
				<ele>128.000000</ele>
			</trkpt>
			<trkpt lat="52.420600" lon="17.366619">
				<ele>128.000000</ele>
			</trkpt>
			<trkpt lat="52.420620" lon="17.366570">
				<ele>128.000000</ele>
			</trkpt>
			<trkpt lat="52.420640" lon="17.366509">
				<ele>128.000000</ele>
			</trkpt>
			<trkpt lat="52.420660" lon="17.366460">
				<ele>127.000000</ele>
			</trkpt>
			<trkpt lat="52.420680" lon="17.366410">
				<ele>127.000000</ele>
			</trkpt>
			<trkpt lat="52.420690" lon="17.366361">
				<ele>127.000000</ele>
			</trkpt>
			<trkpt lat="52.420700" lon="17.366320">
				<ele>127.000000</ele>
			</trkpt>
			<trkpt lat="52.420720" lon="17.366269">
				<ele>127.000000</ele>
			</trkpt>
			<trkpt lat="52.420730" lon="17.366230">
				<ele>127.000000</ele>
			</trkpt>
			<trkpt lat="52.420740" lon="17.366190">
				<ele>127.000000</ele>
			</trkpt>
			<trkpt lat="52.420760" lon="17.366159">
				<ele>127.000000</ele>
			</trkpt>
			<trkpt lat="52.420770" lon="17.366121">
				<ele>127.000000</ele>
			</trkpt>
			<trkpt lat="52.420780" lon="17.366100">
				<ele>127.000000</ele>
			</trkpt>
			<trkpt lat="52.420800" lon="17.366060">
				<ele>127.000000</ele>
			</trkpt>
			<trkpt lat="52.420800" lon="17.366020">
				<ele>128.000000</ele>
			</trkpt>
			<trkpt lat="52.420810" lon="17.365990">
				<ele>128.000000</ele>
			</trkpt>
			<trkpt lat="52.420820" lon="17.365950">
				<ele>128.000000</ele>
			</trkpt>
			<trkpt lat="52.420820" lon="17.365910">
				<ele>129.000000</ele>
			</trkpt>
			<trkpt lat="52.420820" lon="17.365870">
				<ele>129.000000</ele>
			</trkpt>
			<trkpt lat="52.420810" lon="17.365829">
				<ele>129.000000</ele>
			</trkpt>
			<trkpt lat="52.420800" lon="17.365791">
				<ele>128.000000</ele>
			</trkpt>
			<trkpt lat="52.420800" lon="17.365750">
				<ele>127.000000</ele>
			</trkpt>
			<trkpt lat="52.420790" lon="17.365710">
				<ele>127.000000</ele>
			</trkpt>
			<trkpt lat="52.420790" lon="17.365661">
				<ele>126.000000</ele>
			</trkpt>
			<trkpt lat="52.420800" lon="17.365600">
				<ele>125.000000</ele>
			</trkpt>
			<trkpt lat="52.420800" lon="17.365560">
				<ele>125.000000</ele>
			</trkpt>
			<trkpt lat="52.420800" lon="17.365500">
				<ele>124.000000</ele>
			</trkpt>
			<trkpt lat="52.420800" lon="17.365450">
				<ele>124.000000</ele>
			</trkpt>
			<trkpt lat="52.420800" lon="17.365390">
				<ele>124.000000</ele>
			</trkpt>
			<trkpt lat="52.420800" lon="17.365340">
				<ele>123.000000</ele>
			</trkpt>
			<trkpt lat="52.420790" lon="17.365290">
				<ele>123.000000</ele>
			</trkpt>
			<trkpt lat="52.420790" lon="17.365250">
				<ele>123.000000</ele>
			</trkpt>
			<trkpt lat="52.420780" lon="17.365210">
				<ele>123.000000</ele>
			</trkpt>
			<trkpt lat="52.420770" lon="17.365190">
				<ele>123.000000</ele>
			</trkpt>
			<trkpt lat="52.420770" lon="17.365170">
				<ele>124.000000</ele>
			</trkpt>
			<trkpt lat="52.420770" lon="17.365140">
				<ele>124.000000</ele>
			</trkpt>
			<trkpt lat="52.420770" lon="17.365100">
				<ele>125.000000</ele>
			</trkpt>
			<trkpt lat="52.420780" lon="17.365080">
				<ele>125.000000</ele>
			</trkpt>
			<trkpt lat="52.420770" lon="17.365060">
				<ele>125.000000</ele>
			</trkpt>
			<trkpt lat="52.420760" lon="17.365040">
				<ele>126.000000</ele>
			</trkpt>
			<trkpt lat="52.420750" lon="17.365019">
				<ele>126.000000</ele>
			</trkpt>
			<trkpt lat="52.420750" lon="17.364990">
				<ele>126.000000</ele>
			</trkpt>
			<trkpt lat="52.420740" lon="17.364970">
				<ele>126.000000</ele>
			</trkpt>
			<trkpt lat="52.420740" lon="17.364940">
				<ele>127.000000</ele>
			</trkpt>
			<trkpt lat="52.420730" lon="17.364920">
				<ele>127.000000</ele>
			</trkpt>
			<trkpt lat="52.420720" lon="17.364909">
				<ele>127.000000</ele>
			</trkpt>
			<trkpt lat="52.420720" lon="17.364900">
				<ele>127.000000</ele>
			</trkpt>
			<trkpt lat="52.420720" lon="17.364900">
				<ele>127.000000</ele>
			</trkpt>
			<trkpt lat="52.420140" lon="17.364530">
				<ele>124.000000</ele>
			</trkpt>
			<trkpt lat="52.420130" lon="17.364521">
				<ele>124.000000</ele>
			</trkpt>
			<trkpt lat="52.420110" lon="17.364510">
				<ele>125.000000</ele>
			</trkpt>
			<trkpt lat="52.420090" lon="17.364500">
				<ele>125.000000</ele>
			</trkpt>
			<trkpt lat="52.420070" lon="17.364490">
				<ele>125.000000</ele>
			</trkpt>
			<trkpt lat="52.420040" lon="17.364470">
				<ele>125.000000</ele>
			</trkpt>
			<trkpt lat="52.420010" lon="17.364450">
				<ele>125.000000</ele>
			</trkpt>
			<trkpt lat="52.419980" lon="17.364420">
				<ele>125.000000</ele>
			</trkpt>
			<trkpt lat="52.419950" lon="17.364400">
				<ele>125.000000</ele>
			</trkpt>
			<trkpt lat="52.419930" lon="17.364380">
				<ele>125.000000</ele>
			</trkpt>
			<trkpt lat="52.419910" lon="17.364360">
				<ele>125.000000</ele>
			</trkpt>
			<trkpt lat="52.419910" lon="17.364330">
				<ele>125.000000</ele>
			</trkpt>
			<trkpt lat="52.419900" lon="17.364301">
				<ele>125.000000</ele>
			</trkpt>
			<trkpt lat="52.419900" lon="17.364270">
				<ele>124.000000</ele>
			</trkpt>
			<trkpt lat="52.419890" lon="17.364250">
				<ele>124.000000</ele>
			</trkpt>
			<trkpt lat="52.419870" lon="17.364240">
				<ele>125.000000</ele>
			</trkpt>
			<trkpt lat="52.419840" lon="17.364240">
				<ele>125.000000</ele>
			</trkpt>
			<trkpt lat="52.419820" lon="17.364240">
				<ele>126.000000</ele>
			</trkpt>
			<trkpt lat="52.419790" lon="17.364240">
				<ele>126.000000</ele>
			</trkpt>
			<trkpt lat="52.419770" lon="17.364240">
				<ele>126.000000</ele>
			</trkpt>
			<trkpt lat="52.419740" lon="17.364230">
				<ele>127.000000</ele>
			</trkpt>
			<trkpt lat="52.419720" lon="17.364220">
				<ele>127.000000</ele>
			</trkpt>
			<trkpt lat="52.419690" lon="17.364220">
				<ele>127.000000</ele>
			</trkpt>
			<trkpt lat="52.419670" lon="17.364209">
				<ele>127.000000</ele>
			</trkpt>
			<trkpt lat="52.419640" lon="17.364209">
				<ele>127.000000</ele>
			</trkpt>
			<trkpt lat="52.419620" lon="17.364209">
				<ele>127.000000</ele>
			</trkpt>
			<trkpt lat="52.419600" lon="17.364200">
				<ele>127.000000</ele>
			</trkpt>
			<trkpt lat="52.419580" lon="17.364191">
				<ele>127.000000</ele>
			</trkpt>
			<trkpt lat="52.419560" lon="17.364180">
				<ele>127.000000</ele>
			</trkpt>
			<trkpt lat="52.419540" lon="17.364160">
				<ele>127.000000</ele>
			</trkpt>
			<trkpt lat="52.419510" lon="17.364140">
				<ele>127.000000</ele>
			</trkpt>
			<trkpt lat="52.419500" lon="17.364120">
				<ele>127.000000</ele>
			</trkpt>
			<trkpt lat="52.419480" lon="17.364120">
				<ele>127.000000</ele>
			</trkpt>
			<trkpt lat="52.419470" lon="17.364130">
				<ele>127.000000</ele>
			</trkpt>
			<trkpt lat="52.419460" lon="17.364140">
				<ele>127.000000</ele>
			</trkpt>
			<trkpt lat="52.419460" lon="17.364160">
				<ele>127.000000</ele>
			</trkpt>
			<trkpt lat="52.419450" lon="17.364171">
				<ele>126.000000</ele>
			</trkpt>
			<trkpt lat="52.419450" lon="17.364171">
				<ele>126.000000</ele>
			</trkpt>
			<trkpt lat="52.419440" lon="17.364171">
				<ele>126.000000</ele>
			</trkpt>
			<trkpt lat="52.419440" lon="17.364171">
				<ele>126.000000</ele>
			</trkpt>
			<trkpt lat="52.419310" lon="17.364191">
				<ele>124.000000</ele>
			</trkpt>
			<trkpt lat="52.419290" lon="17.364180">
				<ele>124.000000</ele>
			</trkpt>
			<trkpt lat="52.419270" lon="17.364180">
				<ele>124.000000</ele>
			</trkpt>
			<trkpt lat="52.419260" lon="17.364180">
				<ele>124.000000</ele>
			</trkpt>
			<trkpt lat="52.419240" lon="17.364171">
				<ele>123.000000</ele>
			</trkpt>
			<trkpt lat="52.419230" lon="17.364150">
				<ele>123.000000</ele>
			</trkpt>
			<trkpt lat="52.419210" lon="17.364130">
				<ele>123.000000</ele>
			</trkpt>
			<trkpt lat="52.419200" lon="17.364110">
				<ele>123.000000</ele>
			</trkpt>
			<trkpt lat="52.419190" lon="17.364090">
				<ele>123.000000</ele>
			</trkpt>
			<trkpt lat="52.419170" lon="17.364061">
				<ele>123.000000</ele>
			</trkpt>
			<trkpt lat="52.419160" lon="17.364040">
				<ele>122.000000</ele>
			</trkpt>
			<trkpt lat="52.419150" lon="17.364010">
				<ele>122.000000</ele>
			</trkpt>
			<trkpt lat="52.419140" lon="17.363980">
				<ele>122.000000</ele>
			</trkpt>
			<trkpt lat="52.419130" lon="17.363960">
				<ele>122.000000</ele>
			</trkpt>
			<trkpt lat="52.419120" lon="17.363930">
				<ele>122.000000</ele>
			</trkpt>
			<trkpt lat="52.419120" lon="17.363900">
				<ele>122.000000</ele>
			</trkpt>
			<trkpt lat="52.419110" lon="17.363880">
				<ele>123.000000</ele>
			</trkpt>
			<trkpt lat="52.419110" lon="17.363841">
				<ele>123.000000</ele>
			</trkpt>
			<trkpt lat="52.419100" lon="17.363810">
				<ele>123.000000</ele>
			</trkpt>
			<trkpt lat="52.419090" lon="17.363780">
				<ele>123.000000</ele>
			</trkpt>
			<trkpt lat="52.419080" lon="17.363760">
				<ele>123.000000</ele>
			</trkpt>
			<trkpt lat="52.419070" lon="17.363731">
				<ele>123.000000</ele>
			</trkpt>
			<trkpt lat="52.419070" lon="17.363690">
				<ele>123.000000</ele>
			</trkpt>
			<trkpt lat="52.419060" lon="17.363660">
				<ele>124.000000</ele>
			</trkpt>
			<trkpt lat="52.419050" lon="17.363630">
				<ele>124.000000</ele>
			</trkpt>
			<trkpt lat="52.419040" lon="17.363601">
				<ele>124.000000</ele>
			</trkpt>
			<trkpt lat="52.419030" lon="17.363570">
				<ele>124.000000</ele>
			</trkpt>
			<trkpt lat="52.419020" lon="17.363530">
				<ele>125.000000</ele>
			</trkpt>
			<trkpt lat="52.419020" lon="17.363480">
				<ele>125.000000</ele>
			</trkpt>
			<trkpt lat="52.419010" lon="17.363440">
				<ele>125.000000</ele>
			</trkpt>
			<trkpt lat="52.419000" lon="17.363390">
				<ele>125.000000</ele>
			</trkpt>
			<trkpt lat="52.418990" lon="17.363361">
				<ele>125.000000</ele>
			</trkpt>
			<trkpt lat="52.418980" lon="17.363330">
				<ele>125.000000</ele>
			</trkpt>
			<trkpt lat="52.418970" lon="17.363300">
				<ele>125.000000</ele>
			</trkpt>
			<trkpt lat="52.418960" lon="17.363280">
				<ele>125.000000</ele>
			</trkpt>
			<trkpt lat="52.418960" lon="17.363271">
				<ele>125.000000</ele>
			</trkpt>
			<trkpt lat="52.418960" lon="17.363260">
				<ele>125.000000</ele>
			</trkpt>
			<trkpt lat="52.418930" lon="17.363190">
				<ele>125.000000</ele>
			</trkpt>
			<trkpt lat="52.418930" lon="17.363159">
				<ele>125.000000</ele>
			</trkpt>
			<trkpt lat="52.418920" lon="17.363130">
				<ele>125.000000</ele>
			</trkpt>
			<trkpt lat="52.418920" lon="17.363100">
				<ele>125.000000</ele>
			</trkpt>
			<trkpt lat="52.418920" lon="17.363080">
				<ele>125.000000</ele>
			</trkpt>
			<trkpt lat="52.418920" lon="17.363070">
				<ele>125.000000</ele>
			</trkpt>
			<trkpt lat="52.418910" lon="17.363049">
				<ele>125.000000</ele>
			</trkpt>
			<trkpt lat="52.418890" lon="17.363040">
				<ele>125.000000</ele>
			</trkpt>
			<trkpt lat="52.418870" lon="17.363031">
				<ele>125.000000</ele>
			</trkpt>
			<trkpt lat="52.418860" lon="17.363020">
				<ele>125.000000</ele>
			</trkpt>
			<trkpt lat="52.418840" lon="17.363000">
				<ele>125.000000</ele>
			</trkpt>
			<trkpt lat="52.418830" lon="17.362970">
				<ele>125.000000</ele>
			</trkpt>
			<trkpt lat="52.418820" lon="17.362950">
				<ele>125.000000</ele>
			</trkpt>
			<trkpt lat="52.418810" lon="17.362930">
				<ele>125.000000</ele>
			</trkpt>
			<trkpt lat="52.418810" lon="17.362901">
				<ele>125.000000</ele>
			</trkpt>
			<trkpt lat="52.418800" lon="17.362870">
				<ele>125.000000</ele>
			</trkpt>
			<trkpt lat="52.418790" lon="17.362850">
				<ele>125.000000</ele>
			</trkpt>
			<trkpt lat="52.418790" lon="17.362820">
				<ele>125.000000</ele>
			</trkpt>
			<trkpt lat="52.418790" lon="17.362791">
				<ele>125.000000</ele>
			</trkpt>
			<trkpt lat="52.418800" lon="17.362770">
				<ele>126.000000</ele>
			</trkpt>
			<trkpt lat="52.418800" lon="17.362740">
				<ele>126.000000</ele>
			</trkpt>
			<trkpt lat="52.418800" lon="17.362719">
				<ele>126.000000</ele>
			</trkpt>
			<trkpt lat="52.418810" lon="17.362710">
				<ele>126.000000</ele>
			</trkpt>
			<trkpt lat="52.418810" lon="17.362699">
				<ele>126.000000</ele>
			</trkpt>
			<trkpt lat="52.418820" lon="17.362699">
				<ele>126.000000</ele>
			</trkpt>
			<trkpt lat="52.418830" lon="17.362571">
				<ele>126.000000</ele>
			</trkpt>
			<trkpt lat="52.418840" lon="17.362550">
				<ele>126.000000</ele>
			</trkpt>
			<trkpt lat="52.418840" lon="17.362520">
				<ele>126.000000</ele>
			</trkpt>
			<trkpt lat="52.418840" lon="17.362500">
				<ele>126.000000</ele>
			</trkpt>
			<trkpt lat="52.418840" lon="17.362470">
				<ele>126.000000</ele>
			</trkpt>
			<trkpt lat="52.418840" lon="17.362461">
				<ele>126.000000</ele>
			</trkpt>
			<trkpt lat="52.418840" lon="17.362450">
				<ele>126.000000</ele>
			</trkpt>
			<trkpt lat="52.418830" lon="17.362450">
				<ele>126.000000</ele>
			</trkpt>
			<trkpt lat="52.418800" lon="17.362190">
				<ele>125.000000</ele>
			</trkpt>
			<trkpt lat="52.418800" lon="17.362160">
				<ele>125.000000</ele>
			</trkpt>
			<trkpt lat="52.418800" lon="17.362140">
				<ele>125.000000</ele>
			</trkpt>
			<trkpt lat="52.418790" lon="17.362120">
				<ele>125.000000</ele>
			</trkpt>
			<trkpt lat="52.418790" lon="17.362100">
				<ele>125.000000</ele>
			</trkpt>
			<trkpt lat="52.418780" lon="17.362080">
				<ele>126.000000</ele>
			</trkpt>
			<trkpt lat="52.418770" lon="17.362050">
				<ele>126.000000</ele>
			</trkpt>
			<trkpt lat="52.418760" lon="17.362019">
				<ele>126.000000</ele>
			</trkpt>
			<trkpt lat="52.418760" lon="17.361990">
				<ele>126.000000</ele>
			</trkpt>
			<trkpt lat="52.418740" lon="17.361960">
				<ele>126.000000</ele>
			</trkpt>
			<trkpt lat="52.418730" lon="17.361930">
				<ele>127.000000</ele>
			</trkpt>
			<trkpt lat="52.418720" lon="17.361889">
				<ele>127.000000</ele>
			</trkpt>
			<trkpt lat="52.418710" lon="17.361850">
				<ele>127.000000</ele>
			</trkpt>
			<trkpt lat="52.418690" lon="17.361830">
				<ele>128.000000</ele>
			</trkpt>
			<trkpt lat="52.418670" lon="17.361799">
				<ele>128.000000</ele>
			</trkpt>
			<trkpt lat="52.418650" lon="17.361770">
				<ele>128.000000</ele>
			</trkpt>
			<trkpt lat="52.418630" lon="17.361740">
				<ele>129.000000</ele>
			</trkpt>
			<trkpt lat="52.418620" lon="17.361710">
				<ele>129.000000</ele>
			</trkpt>
			<trkpt lat="52.418610" lon="17.361680">
				<ele>129.000000</ele>
			</trkpt>
			<trkpt lat="52.418600" lon="17.361651">
				<ele>129.000000</ele>
			</trkpt>
			<trkpt lat="52.418580" lon="17.361620">
				<ele>129.000000</ele>
			</trkpt>
			<trkpt lat="52.418560" lon="17.361600">
				<ele>129.000000</ele>
			</trkpt>
			<trkpt lat="52.418530" lon="17.361570">
				<ele>129.000000</ele>
			</trkpt>
			<trkpt lat="52.418510" lon="17.361550">
				<ele>129.000000</ele>
			</trkpt>
			<trkpt lat="52.418480" lon="17.361530">
				<ele>129.000000</ele>
			</trkpt>
			<trkpt lat="52.418450" lon="17.361510">
				<ele>129.000000</ele>
			</trkpt>
			<trkpt lat="52.418430" lon="17.361490">
				<ele>129.000000</ele>
			</trkpt>
			<trkpt lat="52.418410" lon="17.361470">
				<ele>129.000000</ele>
			</trkpt>
			<trkpt lat="52.418380" lon="17.361440">
				<ele>129.000000</ele>
			</trkpt>
			<trkpt lat="52.418360" lon="17.361420">
				<ele>128.000000</ele>
			</trkpt>
			<trkpt lat="52.418330" lon="17.361400">
				<ele>128.000000</ele>
			</trkpt>
			<trkpt lat="52.418300" lon="17.361380">
				<ele>128.000000</ele>
			</trkpt>
			<trkpt lat="52.418280" lon="17.361350">
				<ele>127.000000</ele>
			</trkpt>
			<trkpt lat="52.418260" lon="17.361330">
				<ele>127.000000</ele>
			</trkpt>
			<trkpt lat="52.418240" lon="17.361310">
				<ele>126.000000</ele>
			</trkpt>
			<trkpt lat="52.418220" lon="17.361301">
				<ele>126.000000</ele>
			</trkpt>
			<trkpt lat="52.418210" lon="17.361301">
				<ele>126.000000</ele>
			</trkpt>
			<trkpt lat="52.418190" lon="17.361310">
				<ele>126.000000</ele>
			</trkpt>
			<trkpt lat="52.418180" lon="17.361319">
				<ele>125.000000</ele>
			</trkpt>
			<trkpt lat="52.418170" lon="17.361339">
				<ele>125.000000</ele>
			</trkpt>
			<trkpt lat="52.418160" lon="17.361350">
				<ele>125.000000</ele>
			</trkpt>
			<trkpt lat="52.418140" lon="17.361370">
				<ele>124.000000</ele>
			</trkpt>
			<trkpt lat="52.418130" lon="17.361380">
				<ele>124.000000</ele>
			</trkpt>
			<trkpt lat="52.418120" lon="17.361390">
				<ele>124.000000</ele>
			</trkpt>
			<trkpt lat="52.418110" lon="17.361390">
				<ele>124.000000</ele>
			</trkpt>
			<trkpt lat="52.418100" lon="17.361380">
				<ele>124.000000</ele>
			</trkpt>
			<trkpt lat="52.418090" lon="17.361380">
				<ele>123.000000</ele>
			</trkpt>
			<trkpt lat="52.417900" lon="17.361390">
				<ele>124.000000</ele>
			</trkpt>
			<trkpt lat="52.417880" lon="17.361370">
				<ele>124.000000</ele>
			</trkpt>
			<trkpt lat="52.417880" lon="17.361339">
				<ele>124.000000</ele>
			</trkpt>
			<trkpt lat="52.417870" lon="17.361319">
				<ele>124.000000</ele>
			</trkpt>
			<trkpt lat="52.417880" lon="17.361301">
				<ele>124.000000</ele>
			</trkpt>
			<trkpt lat="52.417870" lon="17.361270">
				<ele>125.000000</ele>
			</trkpt>
			<trkpt lat="52.417870" lon="17.361250">
				<ele>125.000000</ele>
			</trkpt>
			<trkpt lat="52.417860" lon="17.361230">
				<ele>125.000000</ele>
			</trkpt>
			<trkpt lat="52.417850" lon="17.361209">
				<ele>125.000000</ele>
			</trkpt>
			<trkpt lat="52.417850" lon="17.361180">
				<ele>125.000000</ele>
			</trkpt>
			<trkpt lat="52.417840" lon="17.361150">
				<ele>126.000000</ele>
			</trkpt>
			<trkpt lat="52.417840" lon="17.361130">
				<ele>126.000000</ele>
			</trkpt>
			<trkpt lat="52.417820" lon="17.361090">
				<ele>126.000000</ele>
			</trkpt>
			<trkpt lat="52.417820" lon="17.361070">
				<ele>126.000000</ele>
			</trkpt>
			<trkpt lat="52.417810" lon="17.361040">
				<ele>127.000000</ele>
			</trkpt>
			<trkpt lat="52.417800" lon="17.361000">
				<ele>127.000000</ele>
			</trkpt>
			<trkpt lat="52.417790" lon="17.360969">
				<ele>127.000000</ele>
			</trkpt>
			<trkpt lat="52.417780" lon="17.360940">
				<ele>128.000000</ele>
			</trkpt>
			<trkpt lat="52.417780" lon="17.360910">
				<ele>128.000000</ele>
			</trkpt>
			<trkpt lat="52.417770" lon="17.360879">
				<ele>128.000000</ele>
			</trkpt>
			<trkpt lat="52.417760" lon="17.360850">
				<ele>128.000000</ele>
			</trkpt>
			<trkpt lat="52.417760" lon="17.360820">
				<ele>128.000000</ele>
			</trkpt>
			<trkpt lat="52.417760" lon="17.360780">
				<ele>128.000000</ele>
			</trkpt>
			<trkpt lat="52.417760" lon="17.360731">
				<ele>128.000000</ele>
			</trkpt>
			<trkpt lat="52.417760" lon="17.360690">
				<ele>128.000000</ele>
			</trkpt>
			<trkpt lat="52.417750" lon="17.360650">
				<ele>127.000000</ele>
			</trkpt>
			<trkpt lat="52.417750" lon="17.360621">
				<ele>127.000000</ele>
			</trkpt>
			<trkpt lat="52.417750" lon="17.360580">
				<ele>127.000000</ele>
			</trkpt>
			<trkpt lat="52.417750" lon="17.360550">
				<ele>127.000000</ele>
			</trkpt>
			<trkpt lat="52.417750" lon="17.360509">
				<ele>127.000000</ele>
			</trkpt>
			<trkpt lat="52.417740" lon="17.360480">
				<ele>127.000000</ele>
			</trkpt>
			<trkpt lat="52.417740" lon="17.360440">
				<ele>127.000000</ele>
			</trkpt>
			<trkpt lat="52.417730" lon="17.360399">
				<ele>127.000000</ele>
			</trkpt>
			<trkpt lat="52.417720" lon="17.360360">
				<ele>127.000000</ele>
			</trkpt>
			<trkpt lat="52.417710" lon="17.360330">
				<ele>127.000000</ele>
			</trkpt>
			<trkpt lat="52.417700" lon="17.360300">
				<ele>127.000000</ele>
			</trkpt>
			<trkpt lat="52.417700" lon="17.360271">
				<ele>127.000000</ele>
			</trkpt>
			<trkpt lat="52.417680" lon="17.360230">
				<ele>126.000000</ele>
			</trkpt>
			<trkpt lat="52.417670" lon="17.360210">
				<ele>126.000000</ele>
			</trkpt>
			<trkpt lat="52.417650" lon="17.360179">
				<ele>126.000000</ele>
			</trkpt>
			<trkpt lat="52.417640" lon="17.360150">
				<ele>126.000000</ele>
			</trkpt>
			<trkpt lat="52.417630" lon="17.360120">
				<ele>126.000000</ele>
			</trkpt>
			<trkpt lat="52.417620" lon="17.360080">
				<ele>126.000000</ele>
			</trkpt>
			<trkpt lat="52.417600" lon="17.360040">
				<ele>126.000000</ele>
			</trkpt>
			<trkpt lat="52.417590" lon="17.360010">
				<ele>125.000000</ele>
			</trkpt>
			<trkpt lat="52.417570" lon="17.359959">
				<ele>125.000000</ele>
			</trkpt>
			<trkpt lat="52.417560" lon="17.359930">
				<ele>125.000000</ele>
			</trkpt>
			<trkpt lat="52.417550" lon="17.359900">
				<ele>124.000000</ele>
			</trkpt>
			<trkpt lat="52.417540" lon="17.359880">
				<ele>124.000000</ele>
			</trkpt>
			<trkpt lat="52.417530" lon="17.359850">
				<ele>124.000000</ele>
			</trkpt>
			<trkpt lat="52.417520" lon="17.359829">
				<ele>123.000000</ele>
			</trkpt>
			<trkpt lat="52.417510" lon="17.359800">
				<ele>123.000000</ele>
			</trkpt>
			<trkpt lat="52.417500" lon="17.359780">
				<ele>123.000000</ele>
			</trkpt>
			<trkpt lat="52.417490" lon="17.359760">
				<ele>123.000000</ele>
			</trkpt>
			<trkpt lat="52.417480" lon="17.359730">
				<ele>123.000000</ele>
			</trkpt>
			<trkpt lat="52.417460" lon="17.359710">
				<ele>123.000000</ele>
			</trkpt>
			<trkpt lat="52.417440" lon="17.359710">
				<ele>123.000000</ele>
			</trkpt>
			<trkpt lat="52.417430" lon="17.359690">
				<ele>123.000000</ele>
			</trkpt>
			<trkpt lat="52.417420" lon="17.359681">
				<ele>123.000000</ele>
			</trkpt>
			<trkpt lat="52.417400" lon="17.359670">
				<ele>123.000000</ele>
			</trkpt>
			<trkpt lat="52.417390" lon="17.359660">
				<ele>123.000000</ele>
			</trkpt>
			<trkpt lat="52.417370" lon="17.359650">
				<ele>123.000000</ele>
			</trkpt>
			<trkpt lat="52.417360" lon="17.359640">
				<ele>123.000000</ele>
			</trkpt>
			<trkpt lat="52.417350" lon="17.359620">
				<ele>123.000000</ele>
			</trkpt>
			<trkpt lat="52.417330" lon="17.359609">
				<ele>123.000000</ele>
			</trkpt>
			<trkpt lat="52.417320" lon="17.359600">
				<ele>123.000000</ele>
			</trkpt>
			<trkpt lat="52.417300" lon="17.359600">
				<ele>123.000000</ele>
			</trkpt>
			<trkpt lat="52.417290" lon="17.359600">
				<ele>123.000000</ele>
			</trkpt>
			<trkpt lat="52.417270" lon="17.359589">
				<ele>123.000000</ele>
			</trkpt>
			<trkpt lat="52.417250" lon="17.359589">
				<ele>123.000000</ele>
			</trkpt>
			<trkpt lat="52.417230" lon="17.359580">
				<ele>123.000000</ele>
			</trkpt>
			<trkpt lat="52.417210" lon="17.359580">
				<ele>123.000000</ele>
			</trkpt>
			<trkpt lat="52.417180" lon="17.359571">
				<ele>123.000000</ele>
			</trkpt>
			<trkpt lat="52.417160" lon="17.359560">
				<ele>123.000000</ele>
			</trkpt>
			<trkpt lat="52.417140" lon="17.359550">
				<ele>123.000000</ele>
			</trkpt>
			<trkpt lat="52.417120" lon="17.359540">
				<ele>122.000000</ele>
			</trkpt>
			<trkpt lat="52.417100" lon="17.359530">
				<ele>122.000000</ele>
			</trkpt>
			<trkpt lat="52.417080" lon="17.359540">
				<ele>122.000000</ele>
			</trkpt>
			<trkpt lat="52.417060" lon="17.359530">
				<ele>122.000000</ele>
			</trkpt>
			<trkpt lat="52.417040" lon="17.359530">
				<ele>122.000000</ele>
			</trkpt>
			<trkpt lat="52.417030" lon="17.359530">
				<ele>122.000000</ele>
			</trkpt>
			<trkpt lat="52.417010" lon="17.359540">
				<ele>122.000000</ele>
			</trkpt>
			<trkpt lat="52.417000" lon="17.359550">
				<ele>122.000000</ele>
			</trkpt>
			<trkpt lat="52.416990" lon="17.359571">
				<ele>122.000000</ele>
			</trkpt>
			<trkpt lat="52.416970" lon="17.359580">
				<ele>122.000000</ele>
			</trkpt>
			<trkpt lat="52.416960" lon="17.359600">
				<ele>122.000000</ele>
			</trkpt>
			<trkpt lat="52.416950" lon="17.359620">
				<ele>122.000000</ele>
			</trkpt>
			<trkpt lat="52.416950" lon="17.359650">
				<ele>122.000000</ele>
			</trkpt>
			<trkpt lat="52.416940" lon="17.359681">
				<ele>122.000000</ele>
			</trkpt>
			<trkpt lat="52.416940" lon="17.359719">
				<ele>123.000000</ele>
			</trkpt>
			<trkpt lat="52.416940" lon="17.359760">
				<ele>122.000000</ele>
			</trkpt>
			<trkpt lat="52.416930" lon="17.359791">
				<ele>122.000000</ele>
			</trkpt>
			<trkpt lat="52.416930" lon="17.359829">
				<ele>122.000000</ele>
			</trkpt>
			<trkpt lat="52.416920" lon="17.359870">
				<ele>122.000000</ele>
			</trkpt>
			<trkpt lat="52.416910" lon="17.359910">
				<ele>122.000000</ele>
			</trkpt>
			<trkpt lat="52.416910" lon="17.359950">
				<ele>122.000000</ele>
			</trkpt>
			<trkpt lat="52.416900" lon="17.360000">
				<ele>122.000000</ele>
			</trkpt>
			<trkpt lat="52.416900" lon="17.360031">
				<ele>121.000000</ele>
			</trkpt>
			<trkpt lat="52.416910" lon="17.360060">
				<ele>121.000000</ele>
			</trkpt>
			<trkpt lat="52.416910" lon="17.360090">
				<ele>121.000000</ele>
			</trkpt>
			<trkpt lat="52.416900" lon="17.360120">
				<ele>120.000000</ele>
			</trkpt>
			<trkpt lat="52.416890" lon="17.360150">
				<ele>120.000000</ele>
			</trkpt>
			<trkpt lat="52.416880" lon="17.360179">
				<ele>120.000000</ele>
			</trkpt>
			<trkpt lat="52.416870" lon="17.360210">
				<ele>119.000000</ele>
			</trkpt>
			<trkpt lat="52.416870" lon="17.360230">
				<ele>119.000000</ele>
			</trkpt>
			<trkpt lat="52.416860" lon="17.360260">
				<ele>119.000000</ele>
			</trkpt>
			<trkpt lat="52.416850" lon="17.360300">
				<ele>119.000000</ele>
			</trkpt>
			<trkpt lat="52.416850" lon="17.360330">
				<ele>119.000000</ele>
			</trkpt>
			<trkpt lat="52.416840" lon="17.360381">
				<ele>118.000000</ele>
			</trkpt>
			<trkpt lat="52.416840" lon="17.360419">
				<ele>118.000000</ele>
			</trkpt>
			<trkpt lat="52.416830" lon="17.360460">
				<ele>118.000000</ele>
			</trkpt>
			<trkpt lat="52.416820" lon="17.360500">
				<ele>118.000000</ele>
			</trkpt>
			<trkpt lat="52.416810" lon="17.360529">
				<ele>118.000000</ele>
			</trkpt>
			<trkpt lat="52.416810" lon="17.360570">
				<ele>117.000000</ele>
			</trkpt>
			<trkpt lat="52.416810" lon="17.360601">
				<ele>117.000000</ele>
			</trkpt>
			<trkpt lat="52.416810" lon="17.360630">
				<ele>117.000000</ele>
			</trkpt>
			<trkpt lat="52.416810" lon="17.360660">
				<ele>117.000000</ele>
			</trkpt>
			<trkpt lat="52.416800" lon="17.360690">
				<ele>117.000000</ele>
			</trkpt>
			<trkpt lat="52.416800" lon="17.360711">
				<ele>117.000000</ele>
			</trkpt>
			<trkpt lat="52.416800" lon="17.360740">
				<ele>117.000000</ele>
			</trkpt>
			<trkpt lat="52.416800" lon="17.360760">
				<ele>117.000000</ele>
			</trkpt>
			<trkpt lat="52.416810" lon="17.360780">
				<ele>117.000000</ele>
			</trkpt>
			<trkpt lat="52.416820" lon="17.360810">
				<ele>117.000000</ele>
			</trkpt>
			<trkpt lat="52.416830" lon="17.360830">
				<ele>117.000000</ele>
			</trkpt>
			<trkpt lat="52.416840" lon="17.360859">
				<ele>117.000000</ele>
			</trkpt>
			<trkpt lat="52.416840" lon="17.360890">
				<ele>117.000000</ele>
			</trkpt>
			<trkpt lat="52.416850" lon="17.360910">
				<ele>117.000000</ele>
			</trkpt>
			<trkpt lat="52.416850" lon="17.360920">
				<ele>117.000000</ele>
			</trkpt>
			<trkpt lat="52.416850" lon="17.360940">
				<ele>117.000000</ele>
			</trkpt>
			<trkpt lat="52.416860" lon="17.360960">
				<ele>117.000000</ele>
			</trkpt>
			<trkpt lat="52.416860" lon="17.360980">
				<ele>117.000000</ele>
			</trkpt>
			<trkpt lat="52.416860" lon="17.361000">
				<ele>117.000000</ele>
			</trkpt>
			<trkpt lat="52.416870" lon="17.361020">
				<ele>117.000000</ele>
			</trkpt>
			<trkpt lat="52.416870" lon="17.361030">
				<ele>118.000000</ele>
			</trkpt>
			<trkpt lat="52.416870" lon="17.361030">
				<ele>118.000000</ele>
			</trkpt>
			<trkpt lat="52.416950" lon="17.361550">
				<ele>123.000000</ele>
			</trkpt>
			<trkpt lat="52.416960" lon="17.361559">
				<ele>123.000000</ele>
			</trkpt>
			<trkpt lat="52.416970" lon="17.361580">
				<ele>123.000000</ele>
			</trkpt>
			<trkpt lat="52.416990" lon="17.361600">
				<ele>123.000000</ele>
			</trkpt>
			<trkpt lat="52.417000" lon="17.361610">
				<ele>123.000000</ele>
			</trkpt>
			<trkpt lat="52.417020" lon="17.361640">
				<ele>123.000000</ele>
			</trkpt>
			<trkpt lat="52.417050" lon="17.361680">
				<ele>123.000000</ele>
			</trkpt>
			<trkpt lat="52.417070" lon="17.361720">
				<ele>123.000000</ele>
			</trkpt>
			<trkpt lat="52.417090" lon="17.361750">
				<ele>123.000000</ele>
			</trkpt>
			<trkpt lat="52.417110" lon="17.361779">
				<ele>122.000000</ele>
			</trkpt>
			<trkpt lat="52.417130" lon="17.361799">
				<ele>122.000000</ele>
			</trkpt>
			<trkpt lat="52.417150" lon="17.361830">
				<ele>122.000000</ele>
			</trkpt>
			<trkpt lat="52.417160" lon="17.361860">
				<ele>122.000000</ele>
			</trkpt>
			<trkpt lat="52.417170" lon="17.361889">
				<ele>121.000000</ele>
			</trkpt>
			<trkpt lat="52.417180" lon="17.361930">
				<ele>121.000000</ele>
			</trkpt>
			<trkpt lat="52.417180" lon="17.361970">
				<ele>121.000000</ele>
			</trkpt>
			<trkpt lat="52.417190" lon="17.362019">
				<ele>121.000000</ele>
			</trkpt>
			<trkpt lat="52.417200" lon="17.362080">
				<ele>120.000000</ele>
			</trkpt>
			<trkpt lat="52.417210" lon="17.362140">
				<ele>119.000000</ele>
			</trkpt>
			<trkpt lat="52.417230" lon="17.362200">
				<ele>119.000000</ele>
			</trkpt>
			<trkpt lat="52.417250" lon="17.362280">
				<ele>119.000000</ele>
			</trkpt>
			<trkpt lat="52.417270" lon="17.362349">
				<ele>119.000000</ele>
			</trkpt>
			<trkpt lat="52.417270" lon="17.362410">
				<ele>120.000000</ele>
			</trkpt>
			<trkpt lat="52.417270" lon="17.362461">
				<ele>120.000000</ele>
			</trkpt>
			<trkpt lat="52.417280" lon="17.362500">
				<ele>120.000000</ele>
			</trkpt>
			<trkpt lat="52.417280" lon="17.362540">
				<ele>121.000000</ele>
			</trkpt>
			<trkpt lat="52.417280" lon="17.362589">
				<ele>121.000000</ele>
			</trkpt>
			<trkpt lat="52.417280" lon="17.362620">
				<ele>121.000000</ele>
			</trkpt>
			<trkpt lat="52.417290" lon="17.362650">
				<ele>122.000000</ele>
			</trkpt>
			<trkpt lat="52.417290" lon="17.362681">
				<ele>122.000000</ele>
			</trkpt>
			<trkpt lat="52.417300" lon="17.362699">
				<ele>122.000000</ele>
			</trkpt>
			<trkpt lat="52.417310" lon="17.362710">
				<ele>122.000000</ele>
			</trkpt>
			<trkpt lat="52.417320" lon="17.362710">
				<ele>122.000000</ele>
			</trkpt>
			<trkpt lat="52.417440" lon="17.362740">
				<ele>123.000000</ele>
			</trkpt>
			<trkpt lat="52.417460" lon="17.362730">
				<ele>123.000000</ele>
			</trkpt>
			<trkpt lat="52.417470" lon="17.362719">
				<ele>123.000000</ele>
			</trkpt>
			<trkpt lat="52.417490" lon="17.362710">
				<ele>123.000000</ele>
			</trkpt>
			<trkpt lat="52.417510" lon="17.362710">
				<ele>123.000000</ele>
			</trkpt>
			<trkpt lat="52.417520" lon="17.362710">
				<ele>124.000000</ele>
			</trkpt>
			<trkpt lat="52.417530" lon="17.362719">
				<ele>124.000000</ele>
			</trkpt>
			<trkpt lat="52.417550" lon="17.362730">
				<ele>124.000000</ele>
			</trkpt>
			<trkpt lat="52.417570" lon="17.362740">
				<ele>124.000000</ele>
			</trkpt>
			<trkpt lat="52.417590" lon="17.362770">
				<ele>125.000000</ele>
			</trkpt>
			<trkpt lat="52.417610" lon="17.362809">
				<ele>125.000000</ele>
			</trkpt>
			<trkpt lat="52.417630" lon="17.362840">
				<ele>125.000000</ele>
			</trkpt>
			<trkpt lat="52.417650" lon="17.362870">
				<ele>126.000000</ele>
			</trkpt>
			<trkpt lat="52.417670" lon="17.362890">
				<ele>126.000000</ele>
			</trkpt>
			<trkpt lat="52.417690" lon="17.362910">
				<ele>126.000000</ele>
			</trkpt>
			<trkpt lat="52.417710" lon="17.362950">
				<ele>127.000000</ele>
			</trkpt>
			<trkpt lat="52.417730" lon="17.362970">
				<ele>127.000000</ele>
			</trkpt>
			<trkpt lat="52.417740" lon="17.363000">
				<ele>127.000000</ele>
			</trkpt>
			<trkpt lat="52.417750" lon="17.363031">
				<ele>127.000000</ele>
			</trkpt>
			<trkpt lat="52.417750" lon="17.363060">
				<ele>127.000000</ele>
			</trkpt>
			<trkpt lat="52.417760" lon="17.363090">
				<ele>127.000000</ele>
			</trkpt>
			<trkpt lat="52.417770" lon="17.363120">
				<ele>127.000000</ele>
			</trkpt>
			<trkpt lat="52.417780" lon="17.363150">
				<ele>126.000000</ele>
			</trkpt>
			<trkpt lat="52.417790" lon="17.363179">
				<ele>126.000000</ele>
			</trkpt>
			<trkpt lat="52.417790" lon="17.363210">
				<ele>126.000000</ele>
			</trkpt>
			<trkpt lat="52.417800" lon="17.363230">
				<ele>125.000000</ele>
			</trkpt>
			<trkpt lat="52.417810" lon="17.363251">
				<ele>125.000000</ele>
			</trkpt>
			<trkpt lat="52.417820" lon="17.363280">
				<ele>125.000000</ele>
			</trkpt>
			<trkpt lat="52.417840" lon="17.363320">
				<ele>124.000000</ele>
			</trkpt>
			<trkpt lat="52.417850" lon="17.363361">
				<ele>124.000000</ele>
			</trkpt>
			<trkpt lat="52.417860" lon="17.363399">
				<ele>123.000000</ele>
			</trkpt>
			<trkpt lat="52.417880" lon="17.363430">
				<ele>123.000000</ele>
			</trkpt>
			<trkpt lat="52.417890" lon="17.363460">
				<ele>122.000000</ele>
			</trkpt>
			<trkpt lat="52.417910" lon="17.363500">
				<ele>122.000000</ele>
			</trkpt>
			<trkpt lat="52.417920" lon="17.363540">
				<ele>121.000000</ele>
			</trkpt>
			<trkpt lat="52.417930" lon="17.363580">
				<ele>121.000000</ele>
			</trkpt>
			<trkpt lat="52.417940" lon="17.363610">
				<ele>121.000000</ele>
			</trkpt>
			<trkpt lat="52.417940" lon="17.363650">
				<ele>120.000000</ele>
			</trkpt>
			<trkpt lat="52.417940" lon="17.363680">
				<ele>120.000000</ele>
			</trkpt>
			<trkpt lat="52.417940" lon="17.363711">
				<ele>120.000000</ele>
			</trkpt>
			<trkpt lat="52.417950" lon="17.363749">
				<ele>119.000000</ele>
			</trkpt>
			<trkpt lat="52.417960" lon="17.363790">
				<ele>119.000000</ele>
			</trkpt>
			<trkpt lat="52.417970" lon="17.363821">
				<ele>119.000000</ele>
			</trkpt>
			<trkpt lat="52.417980" lon="17.363859">
				<ele>118.000000</ele>
			</trkpt>
			<trkpt lat="52.417980" lon="17.363890">
				<ele>118.000000</ele>
			</trkpt>
			<trkpt lat="52.417980" lon="17.363930">
				<ele>118.000000</ele>
			</trkpt>
			<trkpt lat="52.417980" lon="17.363960">
				<ele>117.000000</ele>
			</trkpt>
			<trkpt lat="52.417970" lon="17.363990">
				<ele>117.000000</ele>
			</trkpt>
			<trkpt lat="52.417980" lon="17.364010">
				<ele>117.000000</ele>
			</trkpt>
			<trkpt lat="52.417970" lon="17.364040">
				<ele>117.000000</ele>
			</trkpt>
			<trkpt lat="52.417970" lon="17.364070">
				<ele>116.000000</ele>
			</trkpt>
			<trkpt lat="52.417970" lon="17.364110">
				<ele>116.000000</ele>
			</trkpt>
			<trkpt lat="52.417970" lon="17.364140">
				<ele>116.000000</ele>
			</trkpt>
			<trkpt lat="52.417970" lon="17.364150">
				<ele>116.000000</ele>
			</trkpt>
			<trkpt lat="52.417970" lon="17.364160">
				<ele>115.000000</ele>
			</trkpt>
			<trkpt lat="52.418000" lon="17.364340">
				<ele>116.000000</ele>
			</trkpt>
			<trkpt lat="52.418000" lon="17.364380">
				<ele>116.000000</ele>
			</trkpt>
			<trkpt lat="52.418000" lon="17.364411">
				<ele>116.000000</ele>
			</trkpt>
			<trkpt lat="52.418000" lon="17.364440">
				<ele>116.000000</ele>
			</trkpt>
			<trkpt lat="52.418000" lon="17.364470">
				<ele>116.000000</ele>
			</trkpt>
			<trkpt lat="52.418000" lon="17.364510">
				<ele>117.000000</ele>
			</trkpt>
			<trkpt lat="52.418000" lon="17.364539">
				<ele>117.000000</ele>
			</trkpt>
			<trkpt lat="52.418000" lon="17.364570">
				<ele>118.000000</ele>
			</trkpt>
			<trkpt lat="52.417990" lon="17.364600">
				<ele>118.000000</ele>
			</trkpt>
			<trkpt lat="52.417990" lon="17.364620">
				<ele>119.000000</ele>
			</trkpt>
			<trkpt lat="52.417990" lon="17.364660">
				<ele>119.000000</ele>
			</trkpt>
			<trkpt lat="52.418000" lon="17.364680">
				<ele>119.000000</ele>
			</trkpt>
			<trkpt lat="52.418000" lon="17.364720">
				<ele>120.000000</ele>
			</trkpt>
			<trkpt lat="52.418000" lon="17.364750">
				<ele>121.000000</ele>
			</trkpt>
			<trkpt lat="52.418000" lon="17.364790">
				<ele>122.000000</ele>
			</trkpt>
			<trkpt lat="52.418000" lon="17.364820">
				<ele>123.000000</ele>
			</trkpt>
			<trkpt lat="52.418000" lon="17.364860">
				<ele>124.000000</ele>
			</trkpt>
			<trkpt lat="52.418000" lon="17.364900">
				<ele>125.000000</ele>
			</trkpt>
			<trkpt lat="52.418000" lon="17.364930">
				<ele>126.000000</ele>
			</trkpt>
			<trkpt lat="52.418010" lon="17.364970">
				<ele>127.000000</ele>
			</trkpt>
			<trkpt lat="52.418010" lon="17.364999">
				<ele>128.000000</ele>
			</trkpt>
			<trkpt lat="52.418010" lon="17.365010">
				<ele>128.000000</ele>
			</trkpt>
			<trkpt lat="52.418010" lon="17.365030">
				<ele>129.000000</ele>
			</trkpt>
			<trkpt lat="52.418000" lon="17.365050">
				<ele>130.000000</ele>
			</trkpt>
			<trkpt lat="52.418010" lon="17.365070">
				<ele>130.000000</ele>
			</trkpt>
			<trkpt lat="52.418010" lon="17.365100">
				<ele>130.000000</ele>
			</trkpt>
			<trkpt lat="52.418020" lon="17.365129">
				<ele>131.000000</ele>
			</trkpt>
			<trkpt lat="52.418030" lon="17.365170">
				<ele>132.000000</ele>
			</trkpt>
			<trkpt lat="52.418040" lon="17.365201">
				<ele>132.000000</ele>
			</trkpt>
			<trkpt lat="52.418060" lon="17.365230">
				<ele>132.000000</ele>
			</trkpt>
			<trkpt lat="52.418080" lon="17.365250">
				<ele>132.000000</ele>
			</trkpt>
			<trkpt lat="52.418090" lon="17.365280">
				<ele>132.000000</ele>
			</trkpt>
			<trkpt lat="52.418110" lon="17.365300">
				<ele>132.000000</ele>
			</trkpt>
			<trkpt lat="52.418120" lon="17.365340">
				<ele>133.000000</ele>
			</trkpt>
			<trkpt lat="52.418130" lon="17.365369">
				<ele>133.000000</ele>
			</trkpt>
			<trkpt lat="52.418150" lon="17.365400">
				<ele>133.000000</ele>
			</trkpt>
			<trkpt lat="52.418170" lon="17.365430">
				<ele>133.000000</ele>
			</trkpt>
			<trkpt lat="52.418190" lon="17.365459">
				<ele>133.000000</ele>
			</trkpt>
			<trkpt lat="52.418210" lon="17.365479">
				<ele>133.000000</ele>
			</trkpt>
			<trkpt lat="52.418220" lon="17.365510">
				<ele>133.000000</ele>
			</trkpt>
			<trkpt lat="52.418250" lon="17.365530">
				<ele>133.000000</ele>
			</trkpt>
			<trkpt lat="52.418270" lon="17.365551">
				<ele>133.000000</ele>
			</trkpt>
			<trkpt lat="52.418290" lon="17.365560">
				<ele>132.000000</ele>
			</trkpt>
			<trkpt lat="52.418310" lon="17.365560">
				<ele>131.000000</ele>
			</trkpt>
			<trkpt lat="52.418320" lon="17.365571">
				<ele>131.000000</ele>
			</trkpt>
			<trkpt lat="52.418350" lon="17.365580">
				<ele>130.000000</ele>
			</trkpt>
			<trkpt lat="52.418370" lon="17.365589">
				<ele>129.000000</ele>
			</trkpt>
			<trkpt lat="52.418400" lon="17.365600">
				<ele>128.000000</ele>
			</trkpt>
			<trkpt lat="52.418430" lon="17.365620">
				<ele>127.000000</ele>
			</trkpt>
			<trkpt lat="52.418450" lon="17.365650">
				<ele>126.000000</ele>
			</trkpt>
			<trkpt lat="52.418480" lon="17.365661">
				<ele>125.000000</ele>
			</trkpt>
			<trkpt lat="52.418500" lon="17.365681">
				<ele>124.000000</ele>
			</trkpt>
			<trkpt lat="52.418530" lon="17.365690">
				<ele>123.000000</ele>
			</trkpt>
			<trkpt lat="52.418560" lon="17.365699">
				<ele>121.000000</ele>
			</trkpt>
			<trkpt lat="52.418590" lon="17.365699">
				<ele>120.000000</ele>
			</trkpt>
			<trkpt lat="52.418610" lon="17.365710">
				<ele>119.000000</ele>
			</trkpt>
			<trkpt lat="52.418640" lon="17.365730">
				<ele>118.000000</ele>
			</trkpt>
			<trkpt lat="52.418670" lon="17.365730">
				<ele>118.000000</ele>
			</trkpt>
			<trkpt lat="52.418690" lon="17.365740">
				<ele>118.000000</ele>
			</trkpt>
			<trkpt lat="52.418720" lon="17.365740">
				<ele>117.000000</ele>
			</trkpt>
			<trkpt lat="52.418750" lon="17.365760">
				<ele>117.000000</ele>
			</trkpt>
			<trkpt lat="52.418780" lon="17.365780">
				<ele>116.000000</ele>
			</trkpt>
			<trkpt lat="52.418800" lon="17.365780">
				<ele>116.000000</ele>
			</trkpt>
			<trkpt lat="52.418830" lon="17.365800">
				<ele>116.000000</ele>
			</trkpt>
			<trkpt lat="52.418860" lon="17.365809">
				<ele>116.000000</ele>
			</trkpt>
			<trkpt lat="52.418880" lon="17.365820">
				<ele>115.000000</ele>
			</trkpt>
			<trkpt lat="52.418900" lon="17.365829">
				<ele>115.000000</ele>
			</trkpt>
			<trkpt lat="52.418930" lon="17.365840">
				<ele>115.000000</ele>
			</trkpt>
			<trkpt lat="52.418950" lon="17.365850">
				<ele>115.000000</ele>
			</trkpt>
			<trkpt lat="52.418970" lon="17.365860">
				<ele>115.000000</ele>
			</trkpt>
			<trkpt lat="52.418990" lon="17.365870">
				<ele>115.000000</ele>
			</trkpt>
			<trkpt lat="52.419020" lon="17.365890">
				<ele>115.000000</ele>
			</trkpt>
			<trkpt lat="52.419040" lon="17.365910">
				<ele>115.000000</ele>
			</trkpt>
			<trkpt lat="52.419070" lon="17.365930">
				<ele>116.000000</ele>
			</trkpt>
			<trkpt lat="52.419100" lon="17.365950">
				<ele>116.000000</ele>
			</trkpt>
			<trkpt lat="52.419120" lon="17.365970">
				<ele>117.000000</ele>
			</trkpt>
			<trkpt lat="52.419150" lon="17.365990">
				<ele>117.000000</ele>
			</trkpt>
			<trkpt lat="52.419180" lon="17.366011">
				<ele>118.000000</ele>
			</trkpt>
			<trkpt lat="52.419200" lon="17.366031">
				<ele>119.000000</ele>
			</trkpt>
			<trkpt lat="52.419230" lon="17.366040">
				<ele>120.000000</ele>
			</trkpt>
			<trkpt lat="52.419250" lon="17.366049">
				<ele>121.000000</ele>
			</trkpt>
			<trkpt lat="52.419280" lon="17.366070">
				<ele>122.000000</ele>
			</trkpt>
			<trkpt lat="52.419320" lon="17.366080">
				<ele>123.000000</ele>
			</trkpt>
			<trkpt lat="52.419350" lon="17.366110">
				<ele>124.000000</ele>
			</trkpt>
			<trkpt lat="52.419380" lon="17.366141">
				<ele>125.000000</ele>
			</trkpt>
			<trkpt lat="52.419410" lon="17.366159">
				<ele>125.000000</ele>
			</trkpt>
			<trkpt lat="52.419430" lon="17.366180">
				<ele>126.000000</ele>
			</trkpt>
			<trkpt lat="52.419450" lon="17.366200">
				<ele>126.000000</ele>
			</trkpt>
			<trkpt lat="52.419470" lon="17.366220">
				<ele>126.000000</ele>
			</trkpt>
			<trkpt lat="52.419490" lon="17.366230">
				<ele>126.000000</ele>
			</trkpt>
			<trkpt lat="52.419510" lon="17.366240">
				<ele>126.000000</ele>
			</trkpt>
			<trkpt lat="52.419540" lon="17.366251">
				<ele>126.000000</ele>
			</trkpt>
			<trkpt lat="52.419550" lon="17.366260">
				<ele>126.000000</ele>
			</trkpt>
			<trkpt lat="52.419570" lon="17.366280">
				<ele>126.000000</ele>
			</trkpt>
			<trkpt lat="52.419590" lon="17.366280">
				<ele>126.000000</ele>
			</trkpt>
			<trkpt lat="52.419600" lon="17.366289">
				<ele>126.000000</ele>
			</trkpt>
			<trkpt lat="52.419620" lon="17.366289">
				<ele>126.000000</ele>
			</trkpt>
			<trkpt lat="52.419640" lon="17.366289">
				<ele>126.000000</ele>
			</trkpt>
			<trkpt lat="52.419650" lon="17.366300">
				<ele>126.000000</ele>
			</trkpt>
			<trkpt lat="52.419660" lon="17.366300">
				<ele>125.000000</ele>
			</trkpt>
			<trkpt lat="52.419780" lon="17.366340">
				<ele>124.000000</ele>
			</trkpt>
			<trkpt lat="52.419800" lon="17.366350">
				<ele>124.000000</ele>
			</trkpt>
			<trkpt lat="52.419820" lon="17.366350">
				<ele>124.000000</ele>
			</trkpt>
			<trkpt lat="52.419830" lon="17.366361">
				<ele>124.000000</ele>
			</trkpt>
			<trkpt lat="52.419850" lon="17.366390">
				<ele>124.000000</ele>
			</trkpt>
			<trkpt lat="52.419860" lon="17.366410">
				<ele>124.000000</ele>
			</trkpt>
			<trkpt lat="52.419870" lon="17.366430">
				<ele>124.000000</ele>
			</trkpt>
			<trkpt lat="52.419890" lon="17.366471">
				<ele>124.000000</ele>
			</trkpt>
			<trkpt lat="52.419900" lon="17.366491">
				<ele>124.000000</ele>
			</trkpt>
			<trkpt lat="52.419920" lon="17.366520">
				<ele>123.000000</ele>
			</trkpt>
			<trkpt lat="52.419930" lon="17.366550">
				<ele>123.000000</ele>
			</trkpt>
			<trkpt lat="52.419950" lon="17.366581">
				<ele>123.000000</ele>
			</trkpt>
			<trkpt lat="52.419960" lon="17.366610">
				<ele>123.000000</ele>
			</trkpt>
			<trkpt lat="52.419970" lon="17.366630">
				<ele>123.000000</ele>
			</trkpt>
			<trkpt lat="52.419970" lon="17.366660">
				<ele>123.000000</ele>
			</trkpt>
			<trkpt lat="52.419970" lon="17.366700">
				<ele>124.000000</ele>
			</trkpt>
			<trkpt lat="52.419980" lon="17.366729">
				<ele>124.000000</ele>
			</trkpt>
			<trkpt lat="52.419980" lon="17.366770">
				<ele>125.000000</ele>
			</trkpt>
			<trkpt lat="52.419980" lon="17.366800">
				<ele>125.000000</ele>
			</trkpt>
			<trkpt lat="52.419980" lon="17.366830">
				<ele>126.000000</ele>
			</trkpt>
			<trkpt lat="52.419980" lon="17.366850">
				<ele>126.000000</ele>
			</trkpt>
			<trkpt lat="52.419980" lon="17.366880">
				<ele>127.000000</ele>
			</trkpt>
			<trkpt lat="52.419990" lon="17.366900">
				<ele>128.000000</ele>
			</trkpt>
			<trkpt lat="52.419990" lon="17.366931">
				<ele>128.000000</ele>
			</trkpt>
			<trkpt lat="52.419990" lon="17.366960">
				<ele>129.000000</ele>
			</trkpt>
			<trkpt lat="52.419990" lon="17.366980">
				<ele>129.000000</ele>
			</trkpt>
			<trkpt lat="52.419990" lon="17.367010">
				<ele>129.000000</ele>
			</trkpt>
			<trkpt lat="52.419990" lon="17.367041">
				<ele>130.000000</ele>
			</trkpt>
			<trkpt lat="52.419990" lon="17.367070">
				<ele>130.000000</ele>
			</trkpt>
			<trkpt lat="52.419990" lon="17.367090">
				<ele>130.000000</ele>
			</trkpt>
			<trkpt lat="52.419990" lon="17.367120">
				<ele>131.000000</ele>
			</trkpt>
			<trkpt lat="52.419990" lon="17.367150">
				<ele>131.000000</ele>
			</trkpt>
			<trkpt lat="52.419990" lon="17.367180">
				<ele>132.000000</ele>
			</trkpt>
			<trkpt lat="52.420000" lon="17.367220">
				<ele>132.000000</ele>
			</trkpt>
			<trkpt lat="52.420010" lon="17.367250">
				<ele>133.000000</ele>
			</trkpt>
			<trkpt lat="52.420030" lon="17.367290">
				<ele>132.000000</ele>
			</trkpt>
			<trkpt lat="52.420040" lon="17.367330">
				<ele>133.000000</ele>
			</trkpt>
			<trkpt lat="52.420050" lon="17.367360">
				<ele>133.000000</ele>
			</trkpt>
			<trkpt lat="52.420060" lon="17.367391">
				<ele>133.000000</ele>
			</trkpt>
			<trkpt lat="52.420080" lon="17.367411">
				<ele>132.000000</ele>
			</trkpt>
			<trkpt lat="52.420090" lon="17.367429">
				<ele>132.000000</ele>
			</trkpt>
			<trkpt lat="52.420100" lon="17.367440">
				<ele>132.000000</ele>
			</trkpt>
			<trkpt lat="52.420120" lon="17.367470">
				<ele>132.000000</ele>
			</trkpt>
			<trkpt lat="52.420140" lon="17.367480">
				<ele>131.000000</ele>
			</trkpt>
			<trkpt lat="52.420150" lon="17.367501">
				<ele>131.000000</ele>
			</trkpt>
			<trkpt lat="52.420160" lon="17.367521">
				<ele>131.000000</ele>
			</trkpt>
			<trkpt lat="52.420180" lon="17.367550">
				<ele>131.000000</ele>
			</trkpt>
			<trkpt lat="52.420190" lon="17.367580">
				<ele>130.000000</ele>
			</trkpt>
			<trkpt lat="52.420200" lon="17.367631">
				<ele>130.000000</ele>
			</trkpt>
			<trkpt lat="52.420200" lon="17.367669">
				<ele>130.000000</ele>
			</trkpt>
			<trkpt lat="52.420200" lon="17.367720">
				<ele>130.000000</ele>
			</trkpt>
			<trkpt lat="52.420200" lon="17.367770">
				<ele>129.000000</ele>
			</trkpt>
			<trkpt lat="52.420180" lon="17.367810">
				<ele>130.000000</ele>
			</trkpt>
			<trkpt lat="52.420170" lon="17.367851">
				<ele>130.000000</ele>
			</trkpt>
			<trkpt lat="52.420150" lon="17.367900">
				<ele>131.000000</ele>
			</trkpt>
			<trkpt lat="52.420140" lon="17.367930">
				<ele>131.000000</ele>
			</trkpt>
			<trkpt lat="52.420130" lon="17.367970">
				<ele>131.000000</ele>
			</trkpt>
			<trkpt lat="52.420120" lon="17.368010">
				<ele>131.000000</ele>
			</trkpt>
			<trkpt lat="52.420100" lon="17.368050">
				<ele>131.000000</ele>
			</trkpt>
			<trkpt lat="52.420090" lon="17.368120">
				<ele>131.000000</ele>
			</trkpt>
			<trkpt lat="52.420080" lon="17.368180">
				<ele>131.000000</ele>
			</trkpt>
			<trkpt lat="52.420070" lon="17.368239">
				<ele>131.000000</ele>
			</trkpt>
			<trkpt lat="52.420060" lon="17.368300">
				<ele>130.000000</ele>
			</trkpt>
			<trkpt lat="52.420040" lon="17.368360">
				<ele>130.000000</ele>
			</trkpt>
			<trkpt lat="52.420010" lon="17.368430">
				<ele>130.000000</ele>
			</trkpt>
			<trkpt lat="52.419980" lon="17.368500">
				<ele>130.000000</ele>
			</trkpt>
			<trkpt lat="52.419940" lon="17.368569">
				<ele>129.000000</ele>
			</trkpt>
			<trkpt lat="52.419910" lon="17.368610">
				<ele>128.000000</ele>
			</trkpt>
			<trkpt lat="52.419870" lon="17.368650">
				<ele>127.000000</ele>
			</trkpt>
			<trkpt lat="52.419820" lon="17.368670">
				<ele>126.000000</ele>
			</trkpt>
			<trkpt lat="52.419770" lon="17.368690">
				<ele>125.000000</ele>
			</trkpt>
			<trkpt lat="52.419730" lon="17.368699">
				<ele>125.000000</ele>
			</trkpt>
			<trkpt lat="52.419680" lon="17.368710">
				<ele>125.000000</ele>
			</trkpt>
			<trkpt lat="52.419640" lon="17.368730">
				<ele>126.000000</ele>
			</trkpt>
			<trkpt lat="52.419600" lon="17.368740">
				<ele>127.000000</ele>
			</trkpt>
			<trkpt lat="52.419550" lon="17.368750">
				<ele>128.000000</ele>
			</trkpt>
			<trkpt lat="52.419500" lon="17.368760">
				<ele>129.000000</ele>
			</trkpt>
			<trkpt lat="52.419450" lon="17.368771">
				<ele>130.000000</ele>
			</trkpt>
			<trkpt lat="52.419400" lon="17.368771">
				<ele>130.000000</ele>
			</trkpt>
			<trkpt lat="52.419340" lon="17.368780">
				<ele>130.000000</ele>
			</trkpt>
			<trkpt lat="52.419290" lon="17.368780">
				<ele>130.000000</ele>
			</trkpt>
			<trkpt lat="52.419240" lon="17.368780">
				<ele>129.000000</ele>
			</trkpt>
			<trkpt lat="52.419180" lon="17.368791">
				<ele>129.000000</ele>
			</trkpt>
			<trkpt lat="52.419130" lon="17.368800">
				<ele>129.000000</ele>
			</trkpt>
			<trkpt lat="52.419080" lon="17.368809">
				<ele>128.000000</ele>
			</trkpt>
			<trkpt lat="52.419030" lon="17.368830">
				<ele>128.000000</ele>
			</trkpt>
			<trkpt lat="52.418970" lon="17.368850">
				<ele>127.000000</ele>
			</trkpt>
			<trkpt lat="52.418920" lon="17.368881">
				<ele>127.000000</ele>
			</trkpt>
			<trkpt lat="52.418880" lon="17.368910">
				<ele>127.000000</ele>
			</trkpt>
			<trkpt lat="52.418830" lon="17.368930">
				<ele>126.000000</ele>
			</trkpt>
			<trkpt lat="52.418780" lon="17.368950">
				<ele>126.000000</ele>
			</trkpt>
			<trkpt lat="52.418740" lon="17.368960">
				<ele>125.000000</ele>
			</trkpt>
			<trkpt lat="52.418690" lon="17.368970">
				<ele>124.000000</ele>
			</trkpt>
			<trkpt lat="52.418640" lon="17.368980">
				<ele>124.000000</ele>
			</trkpt>
			<trkpt lat="52.418600" lon="17.368980">
				<ele>123.000000</ele>
			</trkpt>
			<trkpt lat="52.418550" lon="17.368990">
				<ele>124.000000</ele>
			</trkpt>
			<trkpt lat="52.418490" lon="17.369011">
				<ele>125.000000</ele>
			</trkpt>
			<trkpt lat="52.418440" lon="17.369020">
				<ele>126.000000</ele>
			</trkpt>
			<trkpt lat="52.418400" lon="17.369040">
				<ele>126.000000</ele>
			</trkpt>
			<trkpt lat="52.418350" lon="17.369060">
				<ele>127.000000</ele>
			</trkpt>
			<trkpt lat="52.418300" lon="17.369060">
				<ele>128.000000</ele>
			</trkpt>
			<trkpt lat="52.418250" lon="17.369070">
				<ele>129.000000</ele>
			</trkpt>
			<trkpt lat="52.418200" lon="17.369090">
				<ele>129.000000</ele>
			</trkpt>
			<trkpt lat="52.418140" lon="17.369110">
				<ele>130.000000</ele>
			</trkpt>
			<trkpt lat="52.418090" lon="17.369139">
				<ele>131.000000</ele>
			</trkpt>
			<trkpt lat="52.418040" lon="17.369150">
				<ele>132.000000</ele>
			</trkpt>
			<trkpt lat="52.418000" lon="17.369170">
				<ele>133.000000</ele>
			</trkpt>
			<trkpt lat="52.417960" lon="17.369170">
				<ele>134.000000</ele>
			</trkpt>
			<trkpt lat="52.417920" lon="17.369190">
				<ele>135.000000</ele>
			</trkpt>
			<trkpt lat="52.417880" lon="17.369210">
				<ele>135.000000</ele>
			</trkpt>
			<trkpt lat="52.417840" lon="17.369231">
				<ele>135.000000</ele>
			</trkpt>
			<trkpt lat="52.417780" lon="17.369240">
				<ele>136.000000</ele>
			</trkpt>
			<trkpt lat="52.417730" lon="17.369260">
				<ele>134.000000</ele>
			</trkpt>
			<trkpt lat="52.417680" lon="17.369280">
				<ele>133.000000</ele>
			</trkpt>
			<trkpt lat="52.417630" lon="17.369300">
				<ele>131.000000</ele>
			</trkpt>
			<trkpt lat="52.417570" lon="17.369320">
				<ele>129.000000</ele>
			</trkpt>
			<trkpt lat="52.417520" lon="17.369341">
				<ele>128.000000</ele>
			</trkpt>
			<trkpt lat="52.417470" lon="17.369350">
				<ele>127.000000</ele>
			</trkpt>
			<trkpt lat="52.417420" lon="17.369361">
				<ele>127.000000</ele>
			</trkpt>
			<trkpt lat="52.417380" lon="17.369370">
				<ele>127.000000</ele>
			</trkpt>
			<trkpt lat="52.417330" lon="17.369379">
				<ele>127.000000</ele>
			</trkpt>
			<trkpt lat="52.417280" lon="17.369390">
				<ele>127.000000</ele>
			</trkpt>
			<trkpt lat="52.417230" lon="17.369430">
				<ele>127.000000</ele>
			</trkpt>
			<trkpt lat="52.417190" lon="17.369471">
				<ele>126.000000</ele>
			</trkpt>
			<trkpt lat="52.417150" lon="17.369500">
				<ele>126.000000</ele>
			</trkpt>
			<trkpt lat="52.417100" lon="17.369540">
				<ele>126.000000</ele>
			</trkpt>
			<trkpt lat="52.417060" lon="17.369581">
				<ele>125.000000</ele>
			</trkpt>
			<trkpt lat="52.417020" lon="17.369619">
				<ele>125.000000</ele>
			</trkpt>
			<trkpt lat="52.416980" lon="17.369660">
				<ele>124.000000</ele>
			</trkpt>
			<trkpt lat="52.416940" lon="17.369691">
				<ele>124.000000</ele>
			</trkpt>
			<trkpt lat="52.416890" lon="17.369729">
				<ele>125.000000</ele>
			</trkpt>
			<trkpt lat="52.416850" lon="17.369770">
				<ele>125.000000</ele>
			</trkpt>
			<trkpt lat="52.416800" lon="17.369810">
				<ele>125.000000</ele>
			</trkpt>
			<trkpt lat="52.416760" lon="17.369850">
				<ele>125.000000</ele>
			</trkpt>
			<trkpt lat="52.416710" lon="17.369900">
				<ele>126.000000</ele>
			</trkpt>
			<trkpt lat="52.416670" lon="17.369940">
				<ele>126.000000</ele>
			</trkpt>
			<trkpt lat="52.416620" lon="17.369980">
				<ele>127.000000</ele>
			</trkpt>
			<trkpt lat="52.416580" lon="17.370020">
				<ele>127.000000</ele>
			</trkpt>
			<trkpt lat="52.416540" lon="17.370059">
				<ele>128.000000</ele>
			</trkpt>
			<trkpt lat="52.416500" lon="17.370100">
				<ele>129.000000</ele>
			</trkpt>
			<trkpt lat="52.416450" lon="17.370151">
				<ele>130.000000</ele>
			</trkpt>
			<trkpt lat="52.416410" lon="17.370189">
				<ele>131.000000</ele>
			</trkpt>
			<trkpt lat="52.416360" lon="17.370240">
				<ele>131.000000</ele>
			</trkpt>
			<trkpt lat="52.416320" lon="17.370270">
				<ele>130.000000</ele>
			</trkpt>
			<trkpt lat="52.416280" lon="17.370310">
				<ele>130.000000</ele>
			</trkpt>
			<trkpt lat="52.416240" lon="17.370350">
				<ele>130.000000</ele>
			</trkpt>
			<trkpt lat="52.416200" lon="17.370391">
				<ele>129.000000</ele>
			</trkpt>
			<trkpt lat="52.416150" lon="17.370420">
				<ele>129.000000</ele>
			</trkpt>
			<trkpt lat="52.416110" lon="17.370460">
				<ele>129.000000</ele>
			</trkpt>
			<trkpt lat="52.416060" lon="17.370501">
				<ele>129.000000</ele>
			</trkpt>
			<trkpt lat="52.416010" lon="17.370550">
				<ele>129.000000</ele>
			</trkpt>
			<trkpt lat="52.415960" lon="17.370611">
				<ele>128.000000</ele>
			</trkpt>
			<trkpt lat="52.415910" lon="17.370649">
				<ele>128.000000</ele>
			</trkpt>
			<trkpt lat="52.415860" lon="17.370690">
				<ele>128.000000</ele>
			</trkpt>
			<trkpt lat="52.415810" lon="17.370721">
				<ele>128.000000</ele>
			</trkpt>
			<trkpt lat="52.415770" lon="17.370750">
				<ele>128.000000</ele>
			</trkpt>
			<trkpt lat="52.415740" lon="17.370790">
				<ele>128.000000</ele>
			</trkpt>
			<trkpt lat="52.415700" lon="17.370830">
				<ele>127.000000</ele>
			</trkpt>
			<trkpt lat="52.415660" lon="17.370889">
				<ele>127.000000</ele>
			</trkpt>
			<trkpt lat="52.415620" lon="17.370940">
				<ele>128.000000</ele>
			</trkpt>
			<trkpt lat="52.415590" lon="17.370990">
				<ele>128.000000</ele>
			</trkpt>
			<trkpt lat="52.415540" lon="17.371040">
				<ele>129.000000</ele>
			</trkpt>
			<trkpt lat="52.415500" lon="17.371080">
				<ele>129.000000</ele>
			</trkpt>
			<trkpt lat="52.415450" lon="17.371120">
				<ele>130.000000</ele>
			</trkpt>
			<trkpt lat="52.415410" lon="17.371160">
				<ele>131.000000</ele>
			</trkpt>
			<trkpt lat="52.415370" lon="17.371201">
				<ele>131.000000</ele>
			</trkpt>
			<trkpt lat="52.415320" lon="17.371240">
				<ele>132.000000</ele>
			</trkpt>
			<trkpt lat="52.415280" lon="17.371290">
				<ele>132.000000</ele>
			</trkpt>
			<trkpt lat="52.415230" lon="17.371320">
				<ele>131.000000</ele>
			</trkpt>
			<trkpt lat="52.415180" lon="17.371370">
				<ele>131.000000</ele>
			</trkpt>
			<trkpt lat="52.415130" lon="17.371410">
				<ele>130.000000</ele>
			</trkpt>
			<trkpt lat="52.415080" lon="17.371459">
				<ele>130.000000</ele>
			</trkpt>
			<trkpt lat="52.415040" lon="17.371510">
				<ele>130.000000</ele>
			</trkpt>
			<trkpt lat="52.414990" lon="17.371569">
				<ele>130.000000</ele>
			</trkpt>
			<trkpt lat="52.414940" lon="17.371610">
				<ele>131.000000</ele>
			</trkpt>
			<trkpt lat="52.414900" lon="17.371650">
				<ele>131.000000</ele>
			</trkpt>
			<trkpt lat="52.414850" lon="17.371690">
				<ele>132.000000</ele>
			</trkpt>
			<trkpt lat="52.414810" lon="17.371730">
				<ele>133.000000</ele>
			</trkpt>
			<trkpt lat="52.414760" lon="17.371771">
				<ele>133.000000</ele>
			</trkpt>
			<trkpt lat="52.414710" lon="17.371809">
				<ele>133.000000</ele>
			</trkpt>
			<trkpt lat="52.414660" lon="17.371850">
				<ele>133.000000</ele>
			</trkpt>
			<trkpt lat="52.414610" lon="17.371890">
				<ele>132.000000</ele>
			</trkpt>
			<trkpt lat="52.414560" lon="17.371930">
				<ele>132.000000</ele>
			</trkpt>
			<trkpt lat="52.414510" lon="17.371970">
				<ele>132.000000</ele>
			</trkpt>
			<trkpt lat="52.414460" lon="17.372029">
				<ele>131.000000</ele>
			</trkpt>
			<trkpt lat="52.414410" lon="17.372080">
				<ele>130.000000</ele>
			</trkpt>
			<trkpt lat="52.414350" lon="17.372130">
				<ele>128.000000</ele>
			</trkpt>
			<trkpt lat="52.414300" lon="17.372190">
				<ele>127.000000</ele>
			</trkpt>
			<trkpt lat="52.414240" lon="17.372240">
				<ele>127.000000</ele>
			</trkpt>
			<trkpt lat="52.414180" lon="17.372280">
				<ele>126.000000</ele>
			</trkpt>
			<trkpt lat="52.414130" lon="17.372330">
				<ele>127.000000</ele>
			</trkpt>
			<trkpt lat="52.414090" lon="17.372379">
				<ele>128.000000</ele>
			</trkpt>
			<trkpt lat="52.414040" lon="17.372420">
				<ele>129.000000</ele>
			</trkpt>
			<trkpt lat="52.414000" lon="17.372460">
				<ele>130.000000</ele>
			</trkpt>
			<trkpt lat="52.413950" lon="17.372510">
				<ele>131.000000</ele>
			</trkpt>
			<trkpt lat="52.413900" lon="17.372550">
				<ele>132.000000</ele>
			</trkpt>
			<trkpt lat="52.413840" lon="17.372590">
				<ele>133.000000</ele>
			</trkpt>
			<trkpt lat="52.413790" lon="17.372640">
				<ele>133.000000</ele>
			</trkpt>
			<trkpt lat="52.413740" lon="17.372691">
				<ele>134.000000</ele>
			</trkpt>
			<trkpt lat="52.413690" lon="17.372729">
				<ele>134.000000</ele>
			</trkpt>
			<trkpt lat="52.413640" lon="17.372770">
				<ele>134.000000</ele>
			</trkpt>
			<trkpt lat="52.413590" lon="17.372819">
				<ele>134.000000</ele>
			</trkpt>
			<trkpt lat="52.413540" lon="17.372860">
				<ele>133.000000</ele>
			</trkpt>
			<trkpt lat="52.413490" lon="17.372900">
				<ele>133.000000</ele>
			</trkpt>
			<trkpt lat="52.413440" lon="17.372940">
				<ele>133.000000</ele>
			</trkpt>
			<trkpt lat="52.413390" lon="17.372980">
				<ele>133.000000</ele>
			</trkpt>
			<trkpt lat="52.413340" lon="17.373020">
				<ele>133.000000</ele>
			</trkpt>
			<trkpt lat="52.413290" lon="17.373050">
				<ele>133.000000</ele>
			</trkpt>
			<trkpt lat="52.413240" lon="17.373090">
				<ele>132.000000</ele>
			</trkpt>
			<trkpt lat="52.413190" lon="17.373130">
				<ele>132.000000</ele>
			</trkpt>
			<trkpt lat="52.413150" lon="17.373180">
				<ele>131.000000</ele>
			</trkpt>
			<trkpt lat="52.413100" lon="17.373210">
				<ele>131.000000</ele>
			</trkpt>
			<trkpt lat="52.413050" lon="17.373250">
				<ele>131.000000</ele>
			</trkpt>
			<trkpt lat="52.413000" lon="17.373290">
				<ele>131.000000</ele>
			</trkpt>
			<trkpt lat="52.412950" lon="17.373320">
				<ele>131.000000</ele>
			</trkpt>
			<trkpt lat="52.412910" lon="17.373350">
				<ele>131.000000</ele>
			</trkpt>
			<trkpt lat="52.412860" lon="17.373391">
				<ele>131.000000</ele>
			</trkpt>
			<trkpt lat="52.412820" lon="17.373430">
				<ele>132.000000</ele>
			</trkpt>
			<trkpt lat="52.412780" lon="17.373480">
				<ele>131.000000</ele>
			</trkpt>
			<trkpt lat="52.412740" lon="17.373530">
				<ele>131.000000</ele>
			</trkpt>
			<trkpt lat="52.412700" lon="17.373580">
				<ele>131.000000</ele>
			</trkpt>
			<trkpt lat="52.412650" lon="17.373629">
				<ele>131.000000</ele>
			</trkpt>
			<trkpt lat="52.412600" lon="17.373680">
				<ele>131.000000</ele>
			</trkpt>
			<trkpt lat="52.412560" lon="17.373739">
				<ele>132.000000</ele>
			</trkpt>
			<trkpt lat="52.412520" lon="17.373790">
				<ele>132.000000</ele>
			</trkpt>
			<trkpt lat="52.412480" lon="17.373840">
				<ele>132.000000</ele>
			</trkpt>
			<trkpt lat="52.412440" lon="17.373890">
				<ele>132.000000</ele>
			</trkpt>
			<trkpt lat="52.412410" lon="17.373950">
				<ele>132.000000</ele>
			</trkpt>
			<trkpt lat="52.412370" lon="17.374000">
				<ele>132.000000</ele>
			</trkpt>
			<trkpt lat="52.412340" lon="17.374030">
				<ele>132.000000</ele>
			</trkpt>
			<trkpt lat="52.412300" lon="17.374071">
				<ele>132.000000</ele>
			</trkpt>
			<trkpt lat="52.412270" lon="17.374109">
				<ele>133.000000</ele>
			</trkpt>
			<trkpt lat="52.412230" lon="17.374160">
				<ele>134.000000</ele>
			</trkpt>
			<trkpt lat="52.412200" lon="17.374210">
				<ele>134.000000</ele>
			</trkpt>
			<trkpt lat="52.412160" lon="17.374250">
				<ele>133.000000</ele>
			</trkpt>
			<trkpt lat="52.412110" lon="17.374300">
				<ele>132.000000</ele>
			</trkpt>
			<trkpt lat="52.412070" lon="17.374340">
				<ele>132.000000</ele>
			</trkpt>
			<trkpt lat="52.412020" lon="17.374380">
				<ele>130.000000</ele>
			</trkpt>
			<trkpt lat="52.411980" lon="17.374430">
				<ele>129.000000</ele>
			</trkpt>
			<trkpt lat="52.411940" lon="17.374480">
				<ele>129.000000</ele>
			</trkpt>
			<trkpt lat="52.411900" lon="17.374531">
				<ele>129.000000</ele>
			</trkpt>
			<trkpt lat="52.411860" lon="17.374580">
				<ele>129.000000</ele>
			</trkpt>
			<trkpt lat="52.411820" lon="17.374630">
				<ele>129.000000</ele>
			</trkpt>
			<trkpt lat="52.411780" lon="17.374690">
				<ele>129.000000</ele>
			</trkpt>
			<trkpt lat="52.411730" lon="17.374751">
				<ele>128.000000</ele>
			</trkpt>
			<trkpt lat="52.411690" lon="17.374810">
				<ele>128.000000</ele>
			</trkpt>
			<trkpt lat="52.411650" lon="17.374870">
				<ele>128.000000</ele>
			</trkpt>
			<trkpt lat="52.411600" lon="17.374940">
				<ele>129.000000</ele>
			</trkpt>
			<trkpt lat="52.411550" lon="17.375000">
				<ele>130.000000</ele>
			</trkpt>
			<trkpt lat="52.411500" lon="17.375070">
				<ele>130.000000</ele>
			</trkpt>
			<trkpt lat="52.411460" lon="17.375121">
				<ele>130.000000</ele>
			</trkpt>
			<trkpt lat="52.411410" lon="17.375170">
				<ele>130.000000</ele>
			</trkpt>
			<trkpt lat="52.411380" lon="17.375220">
				<ele>130.000000</ele>
			</trkpt>
			<trkpt lat="52.411340" lon="17.375270">
				<ele>129.000000</ele>
			</trkpt>
			<trkpt lat="52.411300" lon="17.375320">
				<ele>129.000000</ele>
			</trkpt>
			<trkpt lat="52.411260" lon="17.375370">
				<ele>128.000000</ele>
			</trkpt>
			<trkpt lat="52.411220" lon="17.375430">
				<ele>127.000000</ele>
			</trkpt>
			<trkpt lat="52.411180" lon="17.375489">
				<ele>126.000000</ele>
			</trkpt>
			<trkpt lat="52.411150" lon="17.375530">
				<ele>125.000000</ele>
			</trkpt>
			<trkpt lat="52.411110" lon="17.375581">
				<ele>123.000000</ele>
			</trkpt>
			<trkpt lat="52.411060" lon="17.375640">
				<ele>123.000000</ele>
			</trkpt>
			<trkpt lat="52.411010" lon="17.375709">
				<ele>123.000000</ele>
			</trkpt>
			<trkpt lat="52.410960" lon="17.375770">
				<ele>122.000000</ele>
			</trkpt>
			<trkpt lat="52.410920" lon="17.375840">
				<ele>121.000000</ele>
			</trkpt>
			<trkpt lat="52.410880" lon="17.375900">
				<ele>121.000000</ele>
			</trkpt>
			<trkpt lat="52.410850" lon="17.375949">
				<ele>121.000000</ele>
			</trkpt>
			<trkpt lat="52.410810" lon="17.376000">
				<ele>121.000000</ele>
			</trkpt>
			<trkpt lat="52.410760" lon="17.376050">
				<ele>121.000000</ele>
			</trkpt>
			<trkpt lat="52.410720" lon="17.376120">
				<ele>121.000000</ele>
			</trkpt>
			<trkpt lat="52.410670" lon="17.376180">
				<ele>122.000000</ele>
			</trkpt>
			<trkpt lat="52.410610" lon="17.376240">
				<ele>123.000000</ele>
			</trkpt>
			<trkpt lat="52.410560" lon="17.376300">
				<ele>124.000000</ele>
			</trkpt>
			<trkpt lat="52.410520" lon="17.376350">
				<ele>125.000000</ele>
			</trkpt>
			<trkpt lat="52.410470" lon="17.376409">
				<ele>126.000000</ele>
			</trkpt>
			<trkpt lat="52.410430" lon="17.376460">
				<ele>126.000000</ele>
			</trkpt>
			<trkpt lat="52.410390" lon="17.376519">
				<ele>127.000000</ele>
			</trkpt>
			<trkpt lat="52.410360" lon="17.376570">
				<ele>128.000000</ele>
			</trkpt>
			<trkpt lat="52.410320" lon="17.376640">
				<ele>128.000000</ele>
			</trkpt>
			<trkpt lat="52.410280" lon="17.376700">
				<ele>129.000000</ele>
			</trkpt>
			<trkpt lat="52.410240" lon="17.376750">
				<ele>129.000000</ele>
			</trkpt>
			<trkpt lat="52.410200" lon="17.376800">
				<ele>129.000000</ele>
			</trkpt>
			<trkpt lat="52.410150" lon="17.376849">
				<ele>129.000000</ele>
			</trkpt>
			<trkpt lat="52.410110" lon="17.376910">
				<ele>129.000000</ele>
			</trkpt>
			<trkpt lat="52.410060" lon="17.376970">
				<ele>129.000000</ele>
			</trkpt>
			<trkpt lat="52.410000" lon="17.377020">
				<ele>129.000000</ele>
			</trkpt>
			<trkpt lat="52.409960" lon="17.377071">
				<ele>129.000000</ele>
			</trkpt>
			<trkpt lat="52.409910" lon="17.377130">
				<ele>129.000000</ele>
			</trkpt>
			<trkpt lat="52.409870" lon="17.377181">
				<ele>128.000000</ele>
			</trkpt>
			<trkpt lat="52.409830" lon="17.377230">
				<ele>128.000000</ele>
			</trkpt>
			<trkpt lat="52.409780" lon="17.377291">
				<ele>128.000000</ele>
			</trkpt>
			<trkpt lat="52.409740" lon="17.377329">
				<ele>127.000000</ele>
			</trkpt>
			<trkpt lat="52.409690" lon="17.377390">
				<ele>127.000000</ele>
			</trkpt>
			<trkpt lat="52.409650" lon="17.377450">
				<ele>127.000000</ele>
			</trkpt>
			<trkpt lat="52.409610" lon="17.377511">
				<ele>128.000000</ele>
			</trkpt>
			<trkpt lat="52.409570" lon="17.377560">
				<ele>129.000000</ele>
			</trkpt>
			<trkpt lat="52.409530" lon="17.377610">
				<ele>131.000000</ele>
			</trkpt>
			<trkpt lat="52.409490" lon="17.377650">
				<ele>132.000000</ele>
			</trkpt>
			<trkpt lat="52.409450" lon="17.377700">
				<ele>133.000000</ele>
			</trkpt>
			<trkpt lat="52.409410" lon="17.377740">
				<ele>133.000000</ele>
			</trkpt>
			<trkpt lat="52.409370" lon="17.377789">
				<ele>133.000000</ele>
			</trkpt>
			<trkpt lat="52.409340" lon="17.377830">
				<ele>133.000000</ele>
			</trkpt>
			<trkpt lat="52.409300" lon="17.377870">
				<ele>132.000000</ele>
			</trkpt>
			<trkpt lat="52.409260" lon="17.377910">
				<ele>132.000000</ele>
			</trkpt>
			<trkpt lat="52.409230" lon="17.377960">
				<ele>132.000000</ele>
			</trkpt>
			<trkpt lat="52.409210" lon="17.378009">
				<ele>132.000000</ele>
			</trkpt>
			<trkpt lat="52.409170" lon="17.378070">
				<ele>132.000000</ele>
			</trkpt>
			<trkpt lat="52.409130" lon="17.378110">
				<ele>132.000000</ele>
			</trkpt>
			<trkpt lat="52.409100" lon="17.378160">
				<ele>132.000000</ele>
			</trkpt>
			<trkpt lat="52.409060" lon="17.378211">
				<ele>132.000000</ele>
			</trkpt>
			<trkpt lat="52.409010" lon="17.378260">
				<ele>132.000000</ele>
			</trkpt>
			<trkpt lat="52.408970" lon="17.378300">
				<ele>132.000000</ele>
			</trkpt>
			<trkpt lat="52.408930" lon="17.378350">
				<ele>132.000000</ele>
			</trkpt>
			<trkpt lat="52.408880" lon="17.378390">
				<ele>132.000000</ele>
			</trkpt>
			<trkpt lat="52.408840" lon="17.378460">
				<ele>133.000000</ele>
			</trkpt>
			<trkpt lat="52.408780" lon="17.378520">
				<ele>133.000000</ele>
			</trkpt>
			<trkpt lat="52.408740" lon="17.378590">
				<ele>134.000000</ele>
			</trkpt>
			<trkpt lat="52.408700" lon="17.378640">
				<ele>135.000000</ele>
			</trkpt>
			<trkpt lat="52.408650" lon="17.378700">
				<ele>135.000000</ele>
			</trkpt>
			<trkpt lat="52.408610" lon="17.378760">
				<ele>136.000000</ele>
			</trkpt>
			<trkpt lat="52.408560" lon="17.378819">
				<ele>136.000000</ele>
			</trkpt>
			<trkpt lat="52.408510" lon="17.378880">
				<ele>135.000000</ele>
			</trkpt>
			<trkpt lat="52.408470" lon="17.378940">
				<ele>135.000000</ele>
			</trkpt>
			<trkpt lat="52.408430" lon="17.379000">
				<ele>135.000000</ele>
			</trkpt>
			<trkpt lat="52.408380" lon="17.379059">
				<ele>135.000000</ele>
			</trkpt>
			<trkpt lat="52.408340" lon="17.379120">
				<ele>135.000000</ele>
			</trkpt>
			<trkpt lat="52.408300" lon="17.379180">
				<ele>135.000000</ele>
			</trkpt>
			<trkpt lat="52.408260" lon="17.379230">
				<ele>135.000000</ele>
			</trkpt>
			<trkpt lat="52.408220" lon="17.379290">
				<ele>135.000000</ele>
			</trkpt>
			<trkpt lat="52.408170" lon="17.379340">
				<ele>135.000000</ele>
			</trkpt>
			<trkpt lat="52.408130" lon="17.379389">
				<ele>134.000000</ele>
			</trkpt>
			<trkpt lat="52.408070" lon="17.379450">
				<ele>134.000000</ele>
			</trkpt>
			<trkpt lat="52.408020" lon="17.379510">
				<ele>133.000000</ele>
			</trkpt>
			<trkpt lat="52.407980" lon="17.379560">
				<ele>133.000000</ele>
			</trkpt>
			<trkpt lat="52.407940" lon="17.379629">
				<ele>132.000000</ele>
			</trkpt>
			<trkpt lat="52.407900" lon="17.379680">
				<ele>131.000000</ele>
			</trkpt>
			<trkpt lat="52.407850" lon="17.379750">
				<ele>131.000000</ele>
			</trkpt>
			<trkpt lat="52.407810" lon="17.379800">
				<ele>130.000000</ele>
			</trkpt>
			<trkpt lat="52.407770" lon="17.379849">
				<ele>130.000000</ele>
			</trkpt>
			<trkpt lat="52.407730" lon="17.379910">
				<ele>129.000000</ele>
			</trkpt>
			<trkpt lat="52.407680" lon="17.379970">
				<ele>127.000000</ele>
			</trkpt>
			<trkpt lat="52.407630" lon="17.380030">
				<ele>126.000000</ele>
			</trkpt>
			<trkpt lat="52.407590" lon="17.380080">
				<ele>124.000000</ele>
			</trkpt>
			<trkpt lat="52.407540" lon="17.380130">
				<ele>123.000000</ele>
			</trkpt>
			<trkpt lat="52.407490" lon="17.380190">
				<ele>122.000000</ele>
			</trkpt>
			<trkpt lat="52.407440" lon="17.380240">
				<ele>122.000000</ele>
			</trkpt>
			<trkpt lat="52.407400" lon="17.380300">
				<ele>122.000000</ele>
			</trkpt>
			<trkpt lat="52.407360" lon="17.380360">
				<ele>122.000000</ele>
			</trkpt>
			<trkpt lat="52.407310" lon="17.380410">
				<ele>122.000000</ele>
			</trkpt>
			<trkpt lat="52.407270" lon="17.380470">
				<ele>122.000000</ele>
			</trkpt>
			<trkpt lat="52.407230" lon="17.380529">
				<ele>122.000000</ele>
			</trkpt>
			<trkpt lat="52.407180" lon="17.380590">
				<ele>121.000000</ele>
			</trkpt>
			<trkpt lat="52.407140" lon="17.380641">
				<ele>121.000000</ele>
			</trkpt>
			<trkpt lat="52.407090" lon="17.380700">
				<ele>121.000000</ele>
			</trkpt>
			<trkpt lat="52.407050" lon="17.380751">
				<ele>121.000000</ele>
			</trkpt>
			<trkpt lat="52.407010" lon="17.380810">
				<ele>121.000000</ele>
			</trkpt>
			<trkpt lat="52.406970" lon="17.380850">
				<ele>121.000000</ele>
			</trkpt>
			<trkpt lat="52.406940" lon="17.380910">
				<ele>121.000000</ele>
			</trkpt>
			<trkpt lat="52.406910" lon="17.380960">
				<ele>121.000000</ele>
			</trkpt>
			<trkpt lat="52.406870" lon="17.381009">
				<ele>121.000000</ele>
			</trkpt>
			<trkpt lat="52.406830" lon="17.381040">
				<ele>121.000000</ele>
			</trkpt>
			<trkpt lat="52.406780" lon="17.381070">
				<ele>121.000000</ele>
			</trkpt>
			<trkpt lat="52.406740" lon="17.381070">
				<ele>121.000000</ele>
			</trkpt>
			<trkpt lat="52.406700" lon="17.381040">
				<ele>121.000000</ele>
			</trkpt>
			<trkpt lat="52.406670" lon="17.381000">
				<ele>121.000000</ele>
			</trkpt>
			<trkpt lat="52.406650" lon="17.380940">
				<ele>121.000000</ele>
			</trkpt>
			<trkpt lat="52.406640" lon="17.380861">
				<ele>122.000000</ele>
			</trkpt>
			<trkpt lat="52.406640" lon="17.380790">
				<ele>121.000000</ele>
			</trkpt>
			<trkpt lat="52.406650" lon="17.380700">
				<ele>121.000000</ele>
			</trkpt>
			<trkpt lat="52.406650" lon="17.380610">
				<ele>121.000000</ele>
			</trkpt>
			<trkpt lat="52.406650" lon="17.380529">
				<ele>120.000000</ele>
			</trkpt>
			<trkpt lat="52.406640" lon="17.380439">
				<ele>120.000000</ele>
			</trkpt>
			<trkpt lat="52.406630" lon="17.380360">
				<ele>119.000000</ele>
			</trkpt>
			<trkpt lat="52.406610" lon="17.380280">
				<ele>119.000000</ele>
			</trkpt>
			<trkpt lat="52.406590" lon="17.380199">
				<ele>119.000000</ele>
			</trkpt>
			<trkpt lat="52.406570" lon="17.380120">
				<ele>119.000000</ele>
			</trkpt>
			<trkpt lat="52.406560" lon="17.380030">
				<ele>119.000000</ele>
			</trkpt>
			<trkpt lat="52.406540" lon="17.379930">
				<ele>120.000000</ele>
			</trkpt>
			<trkpt lat="52.406520" lon="17.379840">
				<ele>120.000000</ele>
			</trkpt>
			<trkpt lat="52.406510" lon="17.379750">
				<ele>120.000000</ele>
			</trkpt>
			<trkpt lat="52.406490" lon="17.379660">
				<ele>120.000000</ele>
			</trkpt>
			<trkpt lat="52.406490" lon="17.379570">
				<ele>120.000000</ele>
			</trkpt>
			<trkpt lat="52.406480" lon="17.379470">
				<ele>119.000000</ele>
			</trkpt>
			<trkpt lat="52.406480" lon="17.379371">
				<ele>119.000000</ele>
			</trkpt>
			<trkpt lat="52.406470" lon="17.379279">
				<ele>119.000000</ele>
			</trkpt>
			<trkpt lat="52.406460" lon="17.379190">
				<ele>119.000000</ele>
			</trkpt>
			<trkpt lat="52.406440" lon="17.379090">
				<ele>120.000000</ele>
			</trkpt>
			<trkpt lat="52.406430" lon="17.379000">
				<ele>120.000000</ele>
			</trkpt>
			<trkpt lat="52.406410" lon="17.378900">
				<ele>120.000000</ele>
			</trkpt>
			<trkpt lat="52.406400" lon="17.378810">
				<ele>120.000000</ele>
			</trkpt>
			<trkpt lat="52.406380" lon="17.378720">
				<ele>121.000000</ele>
			</trkpt>
			<trkpt lat="52.406350" lon="17.378640">
				<ele>121.000000</ele>
			</trkpt>
			<trkpt lat="52.406330" lon="17.378550">
				<ele>121.000000</ele>
			</trkpt>
			<trkpt lat="52.406300" lon="17.378460">
				<ele>121.000000</ele>
			</trkpt>
			<trkpt lat="52.406280" lon="17.378370">
				<ele>121.000000</ele>
			</trkpt>
			<trkpt lat="52.406260" lon="17.378280">
				<ele>122.000000</ele>
			</trkpt>
			<trkpt lat="52.406240" lon="17.378190">
				<ele>122.000000</ele>
			</trkpt>
			<trkpt lat="52.406220" lon="17.378101">
				<ele>122.000000</ele>
			</trkpt>
			<trkpt lat="52.406200" lon="17.378009">
				<ele>122.000000</ele>
			</trkpt>
			<trkpt lat="52.406180" lon="17.377930">
				<ele>122.000000</ele>
			</trkpt>
			<trkpt lat="52.406160" lon="17.377840">
				<ele>122.000000</ele>
			</trkpt>
			<trkpt lat="52.406140" lon="17.377740">
				<ele>121.000000</ele>
			</trkpt>
			<trkpt lat="52.406140" lon="17.377641">
				<ele>121.000000</ele>
			</trkpt>
			<trkpt lat="52.406130" lon="17.377549">
				<ele>121.000000</ele>
			</trkpt>
			<trkpt lat="52.406120" lon="17.377460">
				<ele>122.000000</ele>
			</trkpt>
			<trkpt lat="52.406100" lon="17.377370">
				<ele>122.000000</ele>
			</trkpt>
			<trkpt lat="52.406080" lon="17.377291">
				<ele>123.000000</ele>
			</trkpt>
			<trkpt lat="52.406050" lon="17.377210">
				<ele>123.000000</ele>
			</trkpt>
			<trkpt lat="52.406020" lon="17.377130">
				<ele>124.000000</ele>
			</trkpt>
			<trkpt lat="52.406000" lon="17.377040">
				<ele>124.000000</ele>
			</trkpt>
			<trkpt lat="52.405970" lon="17.376950">
				<ele>125.000000</ele>
			</trkpt>
			<trkpt lat="52.405950" lon="17.376860">
				<ele>125.000000</ele>
			</trkpt>
			<trkpt lat="52.405920" lon="17.376780">
				<ele>126.000000</ele>
			</trkpt>
			<trkpt lat="52.405900" lon="17.376680">
				<ele>126.000000</ele>
			</trkpt>
			<trkpt lat="52.405880" lon="17.376591">
				<ele>126.000000</ele>
			</trkpt>
			<trkpt lat="52.405860" lon="17.376501">
				<ele>126.000000</ele>
			</trkpt>
			<trkpt lat="52.405840" lon="17.376409">
				<ele>126.000000</ele>
			</trkpt>
			<trkpt lat="52.405820" lon="17.376330">
				<ele>127.000000</ele>
			</trkpt>
			<trkpt lat="52.405800" lon="17.376240">
				<ele>128.000000</ele>
			</trkpt>
			<trkpt lat="52.405770" lon="17.376151">
				<ele>128.000000</ele>
			</trkpt>
			<trkpt lat="52.405750" lon="17.376059">
				<ele>129.000000</ele>
			</trkpt>
			<trkpt lat="52.405740" lon="17.375970">
				<ele>130.000000</ele>
			</trkpt>
			<trkpt lat="52.405730" lon="17.375870">
				<ele>130.000000</ele>
			</trkpt>
			<trkpt lat="52.405720" lon="17.375780">
				<ele>130.000000</ele>
			</trkpt>
			<trkpt lat="52.405700" lon="17.375680">
				<ele>130.000000</ele>
			</trkpt>
			<trkpt lat="52.405690" lon="17.375590">
				<ele>130.000000</ele>
			</trkpt>
			<trkpt lat="52.405660" lon="17.375500">
				<ele>130.000000</ele>
			</trkpt>
			<trkpt lat="52.405630" lon="17.375420">
				<ele>129.000000</ele>
			</trkpt>
			<trkpt lat="52.405600" lon="17.375350">
				<ele>129.000000</ele>
			</trkpt>
			<trkpt lat="52.405570" lon="17.375270">
				<ele>128.000000</ele>
			</trkpt>
			<trkpt lat="52.405550" lon="17.375190">
				<ele>128.000000</ele>
			</trkpt>
			<trkpt lat="52.405520" lon="17.375110">
				<ele>127.000000</ele>
			</trkpt>
			<trkpt lat="52.405500" lon="17.375020">
				<ele>126.000000</ele>
			</trkpt>
			<trkpt lat="52.405490" lon="17.374930">
				<ele>126.000000</ele>
			</trkpt>
			<trkpt lat="52.405470" lon="17.374830">
				<ele>125.000000</ele>
			</trkpt>
			<trkpt lat="52.405460" lon="17.374740">
				<ele>124.000000</ele>
			</trkpt>
			<trkpt lat="52.405440" lon="17.374650">
				<ele>125.000000</ele>
			</trkpt>
			<trkpt lat="52.405420" lon="17.374569">
				<ele>125.000000</ele>
			</trkpt>
			<trkpt lat="52.405400" lon="17.374470">
				<ele>126.000000</ele>
			</trkpt>
			<trkpt lat="52.405380" lon="17.374390">
				<ele>126.000000</ele>
			</trkpt>
			<trkpt lat="52.405350" lon="17.374311">
				<ele>127.000000</ele>
			</trkpt>
			<trkpt lat="52.405320" lon="17.374219">
				<ele>128.000000</ele>
			</trkpt>
			<trkpt lat="52.405300" lon="17.374140">
				<ele>129.000000</ele>
			</trkpt>
			<trkpt lat="52.405270" lon="17.374050">
				<ele>129.000000</ele>
			</trkpt>
			<trkpt lat="52.405250" lon="17.373961">
				<ele>130.000000</ele>
			</trkpt>
			<trkpt lat="52.405230" lon="17.373880">
				<ele>131.000000</ele>
			</trkpt>
			<trkpt lat="52.405210" lon="17.373790">
				<ele>131.000000</ele>
			</trkpt>
			<trkpt lat="52.405190" lon="17.373700">
				<ele>131.000000</ele>
			</trkpt>
			<trkpt lat="52.405180" lon="17.373611">
				<ele>131.000000</ele>
			</trkpt>
			<trkpt lat="52.405160" lon="17.373519">
				<ele>130.000000</ele>
			</trkpt>
			<trkpt lat="52.405140" lon="17.373420">
				<ele>130.000000</ele>
			</trkpt>
			<trkpt lat="52.405120" lon="17.373330">
				<ele>129.000000</ele>
			</trkpt>
			<trkpt lat="52.405100" lon="17.373240">
				<ele>128.000000</ele>
			</trkpt>
			<trkpt lat="52.405080" lon="17.373151">
				<ele>128.000000</ele>
			</trkpt>
			<trkpt lat="52.405060" lon="17.373059">
				<ele>127.000000</ele>
			</trkpt>
			<trkpt lat="52.405040" lon="17.372980">
				<ele>126.000000</ele>
			</trkpt>
			<trkpt lat="52.405030" lon="17.372911">
				<ele>126.000000</ele>
			</trkpt>
			<trkpt lat="52.405010" lon="17.372830">
				<ele>126.000000</ele>
			</trkpt>
			<trkpt lat="52.405000" lon="17.372780">
				<ele>126.000000</ele>
			</trkpt>
			<trkpt lat="52.405000" lon="17.372720">
				<ele>125.000000</ele>
			</trkpt>
			<trkpt lat="52.404990" lon="17.372660">
				<ele>125.000000</ele>
			</trkpt>
			<trkpt lat="52.404980" lon="17.372590">
				<ele>125.000000</ele>
			</trkpt>
			<trkpt lat="52.404970" lon="17.372520">
				<ele>125.000000</ele>
			</trkpt>
			<trkpt lat="52.404960" lon="17.372451">
				<ele>125.000000</ele>
			</trkpt>
			<trkpt lat="52.404940" lon="17.372379">
				<ele>125.000000</ele>
			</trkpt>
			<trkpt lat="52.404930" lon="17.372290">
				<ele>125.000000</ele>
			</trkpt>
			<trkpt lat="52.404910" lon="17.372190">
				<ele>125.000000</ele>
			</trkpt>
			<trkpt lat="52.404890" lon="17.372080">
				<ele>125.000000</ele>
			</trkpt>
			<trkpt lat="52.404860" lon="17.371960">
				<ele>125.000000</ele>
			</trkpt>
			<trkpt lat="52.404840" lon="17.371860">
				<ele>126.000000</ele>
			</trkpt>
			<trkpt lat="52.404810" lon="17.371750">
				<ele>126.000000</ele>
			</trkpt>
			<trkpt lat="52.404780" lon="17.371650">
				<ele>126.000000</ele>
			</trkpt>
			<trkpt lat="52.404750" lon="17.371551">
				<ele>126.000000</ele>
			</trkpt>
			<trkpt lat="52.404720" lon="17.371439">
				<ele>126.000000</ele>
			</trkpt>
			<trkpt lat="52.404700" lon="17.371340">
				<ele>127.000000</ele>
			</trkpt>
			<trkpt lat="52.404670" lon="17.371230">
				<ele>127.000000</ele>
			</trkpt>
			<trkpt lat="52.404640" lon="17.371130">
				<ele>127.000000</ele>
			</trkpt>
			<trkpt lat="52.404620" lon="17.371030">
				<ele>127.000000</ele>
			</trkpt>
			<trkpt lat="52.404600" lon="17.370940">
				<ele>127.000000</ele>
			</trkpt>
			<trkpt lat="52.404570" lon="17.370851">
				<ele>127.000000</ele>
			</trkpt>
			<trkpt lat="52.404550" lon="17.370759">
				<ele>127.000000</ele>
			</trkpt>
			<trkpt lat="52.404520" lon="17.370670">
				<ele>126.000000</ele>
			</trkpt>
			<trkpt lat="52.404500" lon="17.370600">
				<ele>125.000000</ele>
			</trkpt>
			<trkpt lat="52.404470" lon="17.370550">
				<ele>125.000000</ele>
			</trkpt>
			<trkpt lat="52.404450" lon="17.370519">
				<ele>124.000000</ele>
			</trkpt>
			<trkpt lat="52.404420" lon="17.370510">
				<ele>124.000000</ele>
			</trkpt>
			<trkpt lat="52.404390" lon="17.370510">
				<ele>125.000000</ele>
			</trkpt>
			<trkpt lat="52.404360" lon="17.370539">
				<ele>125.000000</ele>
			</trkpt>
			<trkpt lat="52.404330" lon="17.370560">
				<ele>125.000000</ele>
			</trkpt>
			<trkpt lat="52.404310" lon="17.370600">
				<ele>126.000000</ele>
			</trkpt>
			<trkpt lat="52.404280" lon="17.370649">
				<ele>126.000000</ele>
			</trkpt>
			<trkpt lat="52.404250" lon="17.370700">
				<ele>126.000000</ele>
			</trkpt>
			<trkpt lat="52.404210" lon="17.370741">
				<ele>126.000000</ele>
			</trkpt>
			<trkpt lat="52.404190" lon="17.370800">
				<ele>126.000000</ele>
			</trkpt>
			<trkpt lat="52.404160" lon="17.370851">
				<ele>126.000000</ele>
			</trkpt>
			<trkpt lat="52.404120" lon="17.370910">
				<ele>125.000000</ele>
			</trkpt>
			<trkpt lat="52.404080" lon="17.370970">
				<ele>124.000000</ele>
			</trkpt>
			<trkpt lat="52.404040" lon="17.371040">
				<ele>123.000000</ele>
			</trkpt>
			<trkpt lat="52.403990" lon="17.371100">
				<ele>121.000000</ele>
			</trkpt>
			<trkpt lat="52.403950" lon="17.371170">
				<ele>120.000000</ele>
			</trkpt>
			<trkpt lat="52.403910" lon="17.371230">
				<ele>118.000000</ele>
			</trkpt>
			<trkpt lat="52.403860" lon="17.371300">
				<ele>117.000000</ele>
			</trkpt>
			<trkpt lat="52.403820" lon="17.371360">
				<ele>117.000000</ele>
			</trkpt>
			<trkpt lat="52.403770" lon="17.371430">
				<ele>116.000000</ele>
			</trkpt>
			<trkpt lat="52.403730" lon="17.371490">
				<ele>116.000000</ele>
			</trkpt>
			<trkpt lat="52.403690" lon="17.371569">
				<ele>115.000000</ele>
			</trkpt>
			<trkpt lat="52.403660" lon="17.371630">
				<ele>114.000000</ele>
			</trkpt>
			<trkpt lat="52.403620" lon="17.371700">
				<ele>113.000000</ele>
			</trkpt>
			<trkpt lat="52.403580" lon="17.371780">
				<ele>112.000000</ele>
			</trkpt>
			<trkpt lat="52.403550" lon="17.371840">
				<ele>111.000000</ele>
			</trkpt>
			<trkpt lat="52.403510" lon="17.371910">
				<ele>110.000000</ele>
			</trkpt>
			<trkpt lat="52.403460" lon="17.371970">
				<ele>109.000000</ele>
			</trkpt>
			<trkpt lat="52.403420" lon="17.372040">
				<ele>109.000000</ele>
			</trkpt>
			<trkpt lat="52.403380" lon="17.372110">
				<ele>108.000000</ele>
			</trkpt>
			<trkpt lat="52.403340" lon="17.372180">
				<ele>108.000000</ele>
			</trkpt>
			<trkpt lat="52.403310" lon="17.372240">
				<ele>108.000000</ele>
			</trkpt>
			<trkpt lat="52.403270" lon="17.372310">
				<ele>108.000000</ele>
			</trkpt>
			<trkpt lat="52.403230" lon="17.372379">
				<ele>107.000000</ele>
			</trkpt>
			<trkpt lat="52.403190" lon="17.372451">
				<ele>107.000000</ele>
			</trkpt>
			<trkpt lat="52.403140" lon="17.372520">
				<ele>106.000000</ele>
			</trkpt>
			<trkpt lat="52.403100" lon="17.372590">
				<ele>106.000000</ele>
			</trkpt>
			<trkpt lat="52.403070" lon="17.372650">
				<ele>105.000000</ele>
			</trkpt>
			<trkpt lat="52.403030" lon="17.372709">
				<ele>105.000000</ele>
			</trkpt>
			<trkpt lat="52.403000" lon="17.372770">
				<ele>105.000000</ele>
			</trkpt>
			<trkpt lat="52.402970" lon="17.372830">
				<ele>104.000000</ele>
			</trkpt>
			<trkpt lat="52.402930" lon="17.372911">
				<ele>103.000000</ele>
			</trkpt>
			<trkpt lat="52.402890" lon="17.372980">
				<ele>103.000000</ele>
			</trkpt>
			<trkpt lat="52.402850" lon="17.373050">
				<ele>102.000000</ele>
			</trkpt>
			<trkpt lat="52.402810" lon="17.373120">
				<ele>102.000000</ele>
			</trkpt>
			<trkpt lat="52.402760" lon="17.373180">
				<ele>103.000000</ele>
			</trkpt>
			<trkpt lat="52.402710" lon="17.373240">
				<ele>104.000000</ele>
			</trkpt>
			<trkpt lat="52.402660" lon="17.373299">
				<ele>106.000000</ele>
			</trkpt>
			<trkpt lat="52.402630" lon="17.373360">
				<ele>107.000000</ele>
			</trkpt>
			<trkpt lat="52.402600" lon="17.373420">
				<ele>109.000000</ele>
			</trkpt>
			<trkpt lat="52.402560" lon="17.373480">
				<ele>111.000000</ele>
			</trkpt>
			<trkpt lat="52.402530" lon="17.373540">
				<ele>112.000000</ele>
			</trkpt>
			<trkpt lat="52.402490" lon="17.373600">
				<ele>113.000000</ele>
			</trkpt>
			<trkpt lat="52.402450" lon="17.373660">
				<ele>115.000000</ele>
			</trkpt>
			<trkpt lat="52.402400" lon="17.373730">
				<ele>116.000000</ele>
			</trkpt>
			<trkpt lat="52.402360" lon="17.373780">
				<ele>117.000000</ele>
			</trkpt>
			<trkpt lat="52.402320" lon="17.373831">
				<ele>117.000000</ele>
			</trkpt>
			<trkpt lat="52.402280" lon="17.373880">
				<ele>117.000000</ele>
			</trkpt>
			<trkpt lat="52.402200" lon="17.374000">
				<ele>116.000000</ele>
			</trkpt>
			<trkpt lat="52.402170" lon="17.374050">
				<ele>116.000000</ele>
			</trkpt>
			<trkpt lat="52.402150" lon="17.374071">
				<ele>116.000000</ele>
			</trkpt>
			<trkpt lat="52.402140" lon="17.374089">
				<ele>116.000000</ele>
			</trkpt>
			<trkpt lat="52.402130" lon="17.374109">
				<ele>116.000000</ele>
			</trkpt>
			<trkpt lat="52.402120" lon="17.374120">
				<ele>116.000000</ele>
			</trkpt>
			<trkpt lat="52.402110" lon="17.374140">
				<ele>115.000000</ele>
			</trkpt>
			<trkpt lat="52.402110" lon="17.374140">
				<ele>115.000000</ele>
			</trkpt>
			<trkpt lat="52.402110" lon="17.374160">
				<ele>115.000000</ele>
			</trkpt>
		</trkseg>
	</trk>
</gpx>

